user_id,referrer,timestamp
u01319,search,2018-09-30 18:38:10
u00241,app,2018-09-30 18:52:22
u00633,app,2018-09-30 18:58:11
u00088,app,2018-09-30 18:58:17
u00934,search,2018-09-30 19:02:23
u00652,search,2018-09-30 19:20:52
u01746,ad,2018-09-30 19:25:10
u00465,app,2018-09-30 19:25:33
u01113,app,2018-09-30 19:33:28
u01994,search,2018-09-30 19:35:16
u00850,search,2018-09-30 19:36:42
u01785,ad,2018-09-30 19:42:44
u01996,search,2018-09-30 19:46:40
u00369,ad,2018-09-30 19:48:09
u01544,search,2018-09-30 19:48:11
u01852,search,2018-09-30 19:49:49
u01956,ad,2018-09-30 19:59:11
u01865,app,2018-09-30 20:00:02
u00035,app,2018-09-30 20:04:46
u01649,ad,2018-09-30 20:08:52
u00246,app,2018-09-30 20:09:09
u00514,search,2018-09-30 20:11:37
u00994,app,2018-09-30 20:16:20
u01901,app,2018-09-30 20:17:13
u00176,ad,2018-09-30 20:23:08
u01774,search,2018-09-30 20:24:19
u01246,app,2018-09-30 20:30:37
u01922,ad,2018-09-30 20:31:31
u00615,ad,2018-09-30 20:32:10
u01473,ad,2018-09-30 20:34:14
u01267,search,2018-09-30 20:34:25
u00824,app,2018-09-30 20:35:10
u00504,app,2018-09-30 20:35:56
u00395,app,2018-09-30 20:37:59
u01690,search,2018-09-30 20:45:00
u01129,ad,2018-09-30 20:49:15
u01231,app,2018-09-30 20:50:09
u00570,app,2018-09-30 20:55:31
u00512,ad,2018-09-30 20:59:21
u01837,app,2018-09-30 20:59:25
u00964,ad,2018-09-30 21:01:16
u01179,app,2018-09-30 21:01:59
u00654,app,2018-09-30 21:05:19
u01118,app,2018-09-30 21:05:24
u01381,app,2018-09-30 21:08:00
u00823,app,2018-09-30 21:09:03
u01101,app,2018-09-30 21:10:49
u00801,app,2018-09-30 21:11:05
u00909,ad,2018-09-30 21:12:05
u01662,app,2018-09-30 21:13:36
u00625,app,2018-09-30 21:14:25
u00008,app,2018-09-30 21:14:42
u00114,app,2018-09-30 21:14:48
u01307,search,2018-09-30 21:18:52
u01030,app,2018-09-30 21:19:29
u01624,ad,2018-09-30 21:22:15
u01340,app,2018-09-30 21:23:01
u01059,search,2018-09-30 21:25:42
u00376,app,2018-09-30 21:25:58
u01457,search,2018-09-30 21:26:36
u01880,search,2018-09-30 21:27:20
u00592,ad,2018-09-30 21:29:06
u01261,ad,2018-09-30 21:29:37
u00082,app,2018-09-30 21:30:01
u00011,search,2018-09-30 21:35:00
u01810,ad,2018-09-30 21:36:18
u01039,ad,2018-09-30 21:38:37
u00851,search,2018-09-30 21:40:29
u01943,search,2018-09-30 21:40:48
u01583,app,2018-09-30 21:41:53
u01622,search,2018-09-30 21:42:42
u00980,search,2018-09-30 21:43:58
u01042,app,2018-09-30 21:49:57
u01645,app,2018-09-30 21:50:51
u01346,ad,2018-09-30 21:52:12
u01884,app,2018-09-30 21:55:20
u01425,app,2018-09-30 21:56:15
u01848,app,2018-09-30 21:57:43
u00024,app,2018-09-30 21:59:10
u00904,app,2018-09-30 22:04:16
u01747,search,2018-09-30 22:04:26
u01406,ad,2018-09-30 22:07:42
u01451,app,2018-09-30 22:08:35
u01960,search,2018-09-30 22:10:10
u01535,app,2018-09-30 22:11:11
u01315,app,2018-09-30 22:14:03
u01766,search,2018-09-30 22:15:15
u01520,app,2018-09-30 22:17:41
u00255,app,2018-09-30 22:21:14
u01643,ad,2018-09-30 22:21:44
u00097,app,2018-09-30 22:22:50
u00527,app,2018-09-30 22:23:01
u01458,app,2018-09-30 22:25:33
u00714,app,2018-09-30 22:25:50
u00145,app,2018-09-30 22:29:02
u01212,app,2018-09-30 22:34:38
u01387,ad,2018-09-30 22:36:23
u01269,app,2018-09-30 22:38:12
u01253,app,2018-09-30 22:38:38
u01655,app,2018-09-30 22:41:04
u00070,search,2018-09-30 22:41:22
u01331,app,2018-09-30 22:41:51
u00275,app,2018-09-30 22:43:13
u00541,app,2018-09-30 22:48:19
u01238,search,2018-09-30 22:51:31
u01096,app,2018-09-30 22:53:29
u01613,app,2018-09-30 22:54:08
u00387,search,2018-09-30 22:54:45
u01770,search,2018-09-30 22:55:11
u00559,search,2018-09-30 22:55:36
u01248,app,2018-09-30 22:56:29
u00966,app,2018-09-30 22:58:00
u00950,app,2018-09-30 23:01:14
u00841,app,2018-09-30 23:01:22
u01768,search,2018-09-30 23:02:02
u00749,app,2018-09-30 23:02:36
u00761,app,2018-09-30 23:02:54
u01215,ad,2018-09-30 23:03:50
u00323,app,2018-09-30 23:04:45
u01741,app,2018-09-30 23:06:43
u01397,ad,2018-09-30 23:07:28
u00614,app,2018-09-30 23:09:36
u00689,search,2018-09-30 23:09:37
u00869,app,2018-09-30 23:10:37
u00390,ad,2018-09-30 23:11:17
u01180,app,2018-09-30 23:11:41
u00384,app,2018-09-30 23:12:11
u00803,search,2018-09-30 23:12:39
u01854,app,2018-09-30 23:13:05
u00640,app,2018-09-30 23:13:35
u00767,ad,2018-09-30 23:17:28
u00005,ad,2018-09-30 23:19:08
u00407,ad,2018-09-30 23:20:15
u01510,search,2018-09-30 23:20:43
u00664,app,2018-09-30 23:21:56
u00494,app,2018-09-30 23:22:12
u00565,app,2018-09-30 23:24:56
u00968,app,2018-09-30 23:25:47
u01324,search,2018-09-30 23:29:12
u00368,app,2018-09-30 23:31:35
u00356,ad,2018-09-30 23:35:25
u01818,ad,2018-09-30 23:36:38
u00938,search,2018-09-30 23:36:45
u01236,ad,2018-09-30 23:40:20
u01460,app,2018-09-30 23:42:56
u01910,ad,2018-09-30 23:47:21
u00400,app,2018-09-30 23:47:47
u00363,app,2018-09-30 23:50:40
u00694,search,2018-09-30 23:51:56
u00063,app,2018-09-30 23:53:00
u01443,app,2018-09-30 23:56:47
u01271,app,2018-09-30 23:58:21
u01258,app,2018-09-30 23:59:04
u01031,app,2018-10-01 00:00:18
u00281,app,2018-10-01 00:03:18
u00401,search,2018-10-01 00:04:41
u01210,search,2018-10-01 00:08:28
u00704,app,2018-10-01 00:12:01
u00943,ad,2018-10-01 00:12:10
u00208,app,2018-10-01 00:13:10
u01997,ad,2018-10-01 00:13:55
u00797,search,2018-10-01 00:14:52
u00849,search,2018-10-01 00:15:15
u01217,app,2018-10-01 00:16:10
u00969,search,2018-10-01 00:17:49
u01003,app,2018-10-01 00:17:52
u00342,app,2018-10-01 00:18:11
u01851,search,2018-10-01 00:18:16
u01692,app,2018-10-01 00:18:25
u00370,search,2018-10-01 00:19:37
u01811,ad,2018-10-01 00:21:16
u01685,app,2018-10-01 00:21:21
u01467,app,2018-10-01 00:24:51
u00491,search,2018-10-01 00:25:33
u00795,search,2018-10-01 00:26:23
u00695,app,2018-10-01 00:27:30
u01937,app,2018-10-01 00:27:43
u01175,ad,2018-10-01 00:28:12
u00710,search,2018-10-01 00:29:23
u00174,app,2018-10-01 00:29:48
u01132,search,2018-10-01 00:32:09
u01099,search,2018-10-01 00:34:56
u00141,search,2018-10-01 00:35:07
u01174,app,2018-10-01 00:37:56
u01976,ad,2018-10-01 00:38:47
u00296,ad,2018-10-01 00:40:17
u01463,ad,2018-10-01 00:41:44
u00072,ad,2018-10-01 00:41:47
u01282,app,2018-10-01 00:43:23
u00626,ad,2018-10-01 00:43:35
u01781,app,2018-10-01 00:44:51
u00118,app,2018-10-01 00:44:52
u00537,search,2018-10-01 00:51:13
u00434,ad,2018-10-01 00:53:36
u01054,app,2018-10-01 00:53:37
u01794,app,2018-10-01 00:54:32
u00214,ad,2018-10-01 00:54:53
u01015,search,2018-10-01 00:55:17
u01316,search,2018-10-01 00:57:03
u01867,app,2018-10-01 00:58:13
u00517,search,2018-10-01 01:01:12
u01882,ad,2018-10-01 01:01:36
u01959,app,2018-10-01 01:02:58
u01074,app,2018-10-01 01:05:00
u01450,app,2018-10-01 01:05:14
u01227,search,2018-10-01 01:05:15
u01646,ad,2018-10-01 01:06:21
u00059,app,2018-10-01 01:08:21
u00336,app,2018-10-01 01:08:27
u01874,search,2018-10-01 01:08:40
u01203,search,2018-10-01 01:09:59
u01825,search,2018-10-01 01:10:15
u00083,app,2018-10-01 01:10:40
u00364,app,2018-10-01 01:12:23
u01375,app,2018-10-01 01:13:52
u00001,app,2018-10-01 01:16:16
u00025,app,2018-10-01 01:18:05
u00982,ad,2018-10-01 01:19:55
u01999,app,2018-10-01 01:21:55
u01576,app,2018-10-01 01:22:53
u00065,app,2018-10-01 01:25:00
u00177,app,2018-10-01 01:26:12
u00550,ad,2018-10-01 01:28:24
u01623,ad,2018-10-01 01:29:57
u01512,search,2018-10-01 01:30:25
u00636,ad,2018-10-01 01:30:34
u01477,search,2018-10-01 01:30:41
u01723,search,2018-10-01 01:31:33
u01682,search,2018-10-01 01:31:41
u00585,app,2018-10-01 01:32:04
u00357,search,2018-10-01 01:32:46
u01696,search,2018-10-01 01:34:57
u01337,ad,2018-10-01 01:35:19
u01593,ad,2018-10-01 01:35:23
u01605,app,2018-10-01 01:37:31
u01974,ad,2018-10-01 01:38:28
u00946,search,2018-10-01 01:41:19
u01573,search,2018-10-01 01:44:59
u01314,app,2018-10-01 01:45:23
u01353,app,2018-10-01 01:45:58
u01728,search,2018-10-01 01:46:09
u01925,ad,2018-10-01 01:49:15
u00094,app,2018-10-01 01:49:18
u00247,ad,2018-10-01 01:49:29
u01784,app,2018-10-01 01:50:34
u01157,app,2018-10-01 01:50:41
u01287,app,2018-10-01 01:54:36
u01123,app,2018-10-01 01:56:38
u00331,search,2018-10-01 01:56:47
u01915,app,2018-10-01 01:57:45
u00209,app,2018-10-01 01:58:46
u00030,app,2018-10-01 01:59:50
u00970,app,2018-10-01 02:00:57
u00716,app,2018-10-01 02:01:45
u00164,app,2018-10-01 02:04:08
u00783,app,2018-10-01 02:04:15
u00347,app,2018-10-01 02:04:46
u00561,app,2018-10-01 02:06:19
u01508,ad,2018-10-01 02:06:26
u01730,search,2018-10-01 02:06:30
u00941,ad,2018-10-01 02:07:24
u01949,app,2018-10-01 02:09:32
u01680,app,2018-10-01 02:12:31
u01845,search,2018-10-01 02:13:50
u01190,search,2018-10-01 02:14:32
u00790,app,2018-10-01 02:14:33
u01588,search,2018-10-01 02:16:07
u00616,app,2018-10-01 02:17:10
u00526,ad,2018-10-01 02:18:35
u01817,app,2018-10-01 02:19:45
u01570,app,2018-10-01 02:21:15
u01420,app,2018-10-01 02:22:44
u00421,search,2018-10-01 02:24:24
u00508,ad,2018-10-01 02:24:40
u00486,app,2018-10-01 02:25:17
u01840,app,2018-10-01 02:27:20
u01402,search,2018-10-01 02:28:19
u01407,app,2018-10-01 02:28:52
u00917,app,2018-10-01 02:29:05
u00740,ad,2018-10-01 02:29:10
u00159,app,2018-10-01 02:31:03
u00878,app,2018-10-01 02:32:07
u01975,search,2018-10-01 02:32:31
u00963,ad,2018-10-01 02:32:58
u00464,search,2018-10-01 02:34:13
u01916,search,2018-10-01 02:34:21
u00777,app,2018-10-01 02:35:40
u01265,app,2018-10-01 02:35:43
u01618,search,2018-10-01 02:35:49
u00352,search,2018-10-01 02:36:39
u01480,search,2018-10-01 02:36:39
u00425,ad,2018-10-01 02:36:58
u01093,app,2018-10-01 02:37:31
u01408,app,2018-10-01 02:38:18
u01184,ad,2018-10-01 02:39:11
u01748,app,2018-10-01 02:41:51
u00446,search,2018-10-01 02:43:16
u01176,ad,2018-10-01 02:44:36
u00303,search,2018-10-01 02:44:39
u01194,search,2018-10-01 02:47:19
u01325,app,2018-10-01 02:47:27
u01427,search,2018-10-01 02:48:00
u01903,search,2018-10-01 02:48:48
u00069,app,2018-10-01 02:49:16
u01665,app,2018-10-01 02:51:16
u00297,search,2018-10-01 02:51:19
u00582,app,2018-10-01 02:53:23
u01616,app,2018-10-01 02:54:10
u00894,app,2018-10-01 02:54:52
u00146,search,2018-10-01 02:55:10
u01758,app,2018-10-01 02:55:12
u01491,search,2018-10-01 02:55:37
u00949,app,2018-10-01 02:56:19
u01399,ad,2018-10-01 02:56:48
u00223,app,2018-10-01 02:57:04
u01380,search,2018-10-01 02:57:05
u01313,ad,2018-10-01 02:58:27
u00416,app,2018-10-01 02:58:39
u00432,ad,2018-10-01 02:59:53
u01167,app,2018-10-01 03:00:06
u00668,app,2018-10-01 03:01:02
u01938,search,2018-10-01 03:01:04
u00500,search,2018-10-01 03:01:07
u01483,app,2018-10-01 03:01:12
u00258,app,2018-10-01 03:01:33
u01704,app,2018-10-01 03:02:36
u01145,search,2018-10-01 03:03:13
u00155,app,2018-10-01 03:05:29
u01219,ad,2018-10-01 03:08:04
u01055,search,2018-10-01 03:08:36
u00759,app,2018-10-01 03:09:14
u00388,app,2018-10-01 03:09:22
u01257,ad,2018-10-01 03:09:30
u01506,ad,2018-10-01 03:09:43
u01199,app,2018-10-01 03:10:28
u01200,app,2018-10-01 03:10:36
u01306,ad,2018-10-01 03:11:04
u01422,search,2018-10-01 03:11:17
u00383,app,2018-10-01 03:11:24
u01695,app,2018-10-01 03:13:07
u00729,app,2018-10-01 03:13:24
u00074,ad,2018-10-01 03:15:14
u00645,app,2018-10-01 03:15:17
u00096,search,2018-10-01 03:15:23
u00071,app,2018-10-01 03:18:11
u00451,app,2018-10-01 03:18:18
u00563,search,2018-10-01 03:19:10
u00877,app,2018-10-01 03:20:39
u00467,search,2018-10-01 03:20:54
u00898,search,2018-10-01 03:21:05
u00014,ad,2018-10-01 03:23:56
u01165,search,2018-10-01 03:24:53
u01636,ad,2018-10-01 03:24:53
u00754,ad,2018-10-01 03:25:23
u01962,search,2018-10-01 03:25:44
u01164,app,2018-10-01 03:27:31
u01125,app,2018-10-01 03:28:25
u01333,app,2018-10-01 03:28:58
u00891,ad,2018-10-01 03:29:24
u01933,app,2018-10-01 03:29:35
u01806,app,2018-10-01 03:29:57
u00127,app,2018-10-01 03:31:18
u01446,app,2018-10-01 03:31:35
u00178,search,2018-10-01 03:32:08
u00002,search,2018-10-01 03:32:41
u01071,app,2018-10-01 03:34:26
u01740,ad,2018-10-01 03:34:49
u01718,app,2018-10-01 03:34:59
u01708,search,2018-10-01 03:35:28
u00870,search,2018-10-01 03:35:32
u01778,search,2018-10-01 03:35:46
u00670,search,2018-10-01 03:36:33
u00555,ad,2018-10-01 03:37:08
u01414,search,2018-10-01 03:38:03
u01006,app,2018-10-01 03:40:26
u01453,search,2018-10-01 03:41:38
u01142,search,2018-10-01 03:42:51
u00774,app,2018-10-01 03:44:14
u00147,search,2018-10-01 03:44:37
u00259,search,2018-10-01 03:45:11
u00947,app,2018-10-01 03:45:47
u00043,app,2018-10-01 03:46:32
u01107,app,2018-10-01 03:49:09
u01256,app,2018-10-01 03:49:42
u00644,ad,2018-10-01 03:50:47
u01452,search,2018-10-01 03:52:22
u00359,app,2018-10-01 03:53:46
u01002,app,2018-10-01 03:55:15
u01489,app,2018-10-01 03:55:20
u01800,app,2018-10-01 03:56:22
u01505,ad,2018-10-01 03:56:56
u00119,app,2018-10-01 03:57:09
u01034,ad,2018-10-01 03:59:25
u00294,app,2018-10-01 04:00:08
u01454,search,2018-10-01 04:00:56
u01440,app,2018-10-01 04:00:59
u01449,search,2018-10-01 04:01:38
u01177,app,2018-10-01 04:02:36
u01404,ad,2018-10-01 04:03:20
u01953,app,2018-10-01 04:05:16
u00314,app,2018-10-01 04:07:14
u01971,search,2018-10-01 04:07:31
u01004,app,2018-10-01 04:09:17
u01524,app,2018-10-01 04:12:45
u01370,search,2018-10-01 04:12:56
u00067,app,2018-10-01 04:13:27
u01147,app,2018-10-01 04:14:24
u00660,ad,2018-10-01 04:14:29
u00886,ad,2018-10-01 04:15:14
u00375,app,2018-10-01 04:16:34
u00511,app,2018-10-01 04:16:53
u01868,app,2018-10-01 04:17:26
u00310,ad,2018-10-01 04:17:41
u00656,search,2018-10-01 04:19:13
u01095,search,2018-10-01 04:21:25
u01135,search,2018-10-01 04:22:52
u00372,app,2018-10-01 04:22:55
u00393,search,2018-10-01 04:23:03
u01660,ad,2018-10-01 04:23:35
u01738,search,2018-10-01 04:24:20
u01339,app,2018-10-01 04:24:26
u00471,app,2018-10-01 04:27:07
u01341,ad,2018-10-01 04:27:14
u00924,app,2018-10-01 04:27:59
u01468,search,2018-10-01 04:28:42
u00047,search,2018-10-01 04:28:49
u01839,search,2018-10-01 04:29:53
u00182,app,2018-10-01 04:31:37
u00793,search,2018-10-01 04:31:40
u00099,app,2018-10-01 04:33:34
u00522,app,2018-10-01 04:34:23
u00064,app,2018-10-01 04:34:58
u01436,app,2018-10-01 04:35:42
u01619,app,2018-10-01 04:38:05
u00361,app,2018-10-01 04:38:11
u00216,ad,2018-10-01 04:38:13
u01637,app,2018-10-01 04:39:37
u00077,app,2018-10-01 04:40:15
u00864,app,2018-10-01 04:42:40
u00479,search,2018-10-01 04:42:43
u00857,app,2018-10-01 04:43:46
u01005,ad,2018-10-01 04:44:01
u00385,app,2018-10-01 04:45:11
u01476,app,2018-10-01 04:45:11
u00595,app,2018-10-01 04:46:44
u00218,search,2018-10-01 04:46:47
u00207,app,2018-10-01 04:49:15
u00315,app,2018-10-01 04:49:18
u01066,ad,2018-10-01 04:49:46
u01893,search,2018-10-01 04:50:46
u00198,search,2018-10-01 04:51:10
u01466,app,2018-10-01 04:51:13
u01952,app,2018-10-01 04:51:18
u00830,app,2018-10-01 04:54:11
u00324,app,2018-10-01 04:54:28
u00260,search,2018-10-01 04:54:47
u00840,search,2018-10-01 04:54:56
u00150,search,2018-10-01 04:55:08
u00685,ad,2018-10-01 04:55:48
u01777,ad,2018-10-01 04:57:25
u01739,ad,2018-10-01 04:58:56
u01963,ad,2018-10-01 04:59:02
u00017,app,2018-10-01 04:59:08
u00666,search,2018-10-01 04:59:12
u01507,search,2018-10-01 04:59:24
u01552,search,2018-10-01 04:59:25
u00414,app,2018-10-01 05:00:38
u00929,app,2018-10-01 05:01:26
u01627,app,2018-10-01 05:01:29
u01688,app,2018-10-01 05:01:31
u01284,app,2018-10-01 05:02:41
u00586,app,2018-10-01 05:02:44
u00632,search,2018-10-01 05:03:40
u01367,app,2018-10-01 05:03:46
u01944,app,2018-10-01 05:06:19
u00160,search,2018-10-01 05:06:29
u00270,search,2018-10-01 05:09:16
u01909,search,2018-10-01 05:09:28
u00423,app,2018-10-01 05:10:12
u01131,ad,2018-10-01 05:11:37
u01290,app,2018-10-01 05:11:41
u00266,app,2018-10-01 05:11:43
u00542,search,2018-10-01 05:11:48
u00742,app,2018-10-01 05:12:19
u00628,ad,2018-10-01 05:12:19
u01742,app,2018-10-01 05:12:53
u01237,app,2018-10-01 05:14:05
u01127,search,2018-10-01 05:15:57
u00854,app,2018-10-01 05:17:12
u01260,ad,2018-10-01 05:18:46
u00667,search,2018-10-01 05:20:26
u00196,ad,2018-10-01 05:20:28
u01972,ad,2018-10-01 05:20:48
u00329,search,2018-10-01 05:21:06
u00340,app,2018-10-01 05:22:01
u00167,app,2018-10-01 05:24:38
u01081,search,2018-10-01 05:24:53
u01097,search,2018-10-01 05:27:27
u00662,ad,2018-10-01 05:28:07
u01537,search,2018-10-01 05:28:17
u00573,app,2018-10-01 05:28:36
u00641,search,2018-10-01 05:28:42
u00741,app,2018-10-01 05:29:55
u00965,app,2018-10-01 05:29:55
u01023,app,2018-10-01 05:30:40
u01089,app,2018-10-01 05:31:04
u00897,search,2018-10-01 05:31:13
u00458,search,2018-10-01 05:33:58
u01941,app,2018-10-01 05:35:07
u00521,ad,2018-10-01 05:35:31
u00927,ad,2018-10-01 05:36:25
u01621,ad,2018-10-01 05:37:14
u00443,search,2018-10-01 05:37:58
u00560,ad,2018-10-01 05:38:25
u01191,app,2018-10-01 05:38:35
u00700,search,2018-10-01 05:38:50
u01429,app,2018-10-01 05:38:53
u00404,ad,2018-10-01 05:40:34
u01062,search,2018-10-01 05:41:07
u00188,search,2018-10-01 05:41:46
u01428,app,2018-10-01 05:43:22
u01368,app,2018-10-01 05:44:34
u01912,app,2018-10-01 05:45:52
u01144,ad,2018-10-01 05:46:12
u00378,app,2018-10-01 05:46:33
u00215,search,2018-10-01 05:47:21
u00200,search,2018-10-01 05:47:50
u00203,app,2018-10-01 05:48:42
u00080,search,2018-10-01 05:49:14
u01020,ad,2018-10-01 05:49:38
u01883,app,2018-10-01 05:50:13
u00533,app,2018-10-01 05:50:26
u00085,app,2018-10-01 05:50:36
u01318,ad,2018-10-01 05:51:19
u00548,ad,2018-10-01 05:51:35
u00157,search,2018-10-01 05:52:30
u01019,app,2018-10-01 05:52:30
u01007,app,2018-10-01 05:52:45
u01198,search,2018-10-01 05:53:17
u01683,search,2018-10-01 05:54:22
u00399,app,2018-10-01 05:56:03
u00020,app,2018-10-01 05:56:07
u01522,app,2018-10-01 05:57:17
u00634,search,2018-10-01 05:59:01
u01600,ad,2018-10-01 05:59:17
u00715,app,2018-10-01 06:00:23
u00955,ad,2018-10-01 06:00:27
u00630,search,2018-10-01 06:01:15
u00028,ad,2018-10-01 06:01:36
u00506,ad,2018-10-01 06:02:15
u01192,search,2018-10-01 06:02:41
u00676,ad,2018-10-01 06:02:50
u01430,search,2018-10-01 06:03:28
u01601,app,2018-10-01 06:03:51
u01279,ad,2018-10-01 06:04:00
u00520,app,2018-10-01 06:05:09
u01706,search,2018-10-01 06:05:22
u00125,app,2018-10-01 06:05:33
u01079,search,2018-10-01 06:05:44
u01017,search,2018-10-01 06:06:03
u01204,app,2018-10-01 06:06:16
u01923,app,2018-10-01 06:06:36
u01389,search,2018-10-01 06:06:47
u01121,app,2018-10-01 06:08:05
u01992,app,2018-10-01 06:09:19
u01361,app,2018-10-01 06:09:32
u01561,ad,2018-10-01 06:14:26
u00744,app,2018-10-01 06:14:27
u00871,ad,2018-10-01 06:15:00
u01557,app,2018-10-01 06:16:49
u00090,ad,2018-10-01 06:17:43
u01603,app,2018-10-01 06:19:28
u00948,app,2018-10-01 06:19:37
u00721,ad,2018-10-01 06:19:57
u00574,search,2018-10-01 06:20:58
u00498,app,2018-10-01 06:21:39
u00935,app,2018-10-01 06:22:10
u00631,ad,2018-10-01 06:22:18
u01519,app,2018-10-01 06:24:07
u00609,search,2018-10-01 06:24:08
u00132,search,2018-10-01 06:24:25
u00312,search,2018-10-01 06:24:54
u00766,search,2018-10-01 06:25:07
u00735,search,2018-10-01 06:26:43
u01858,app,2018-10-01 06:27:01
u01879,app,2018-10-01 06:27:19
u01670,app,2018-10-01 06:27:38
u01721,app,2018-10-01 06:28:06
u01502,search,2018-10-01 06:28:49
u01433,app,2018-10-01 06:31:07
u01398,app,2018-10-01 06:31:13
u01973,search,2018-10-01 06:32:32
u01762,app,2018-10-01 06:33:15
u00133,app,2018-10-01 06:33:19
u00316,app,2018-10-01 06:35:20
u01250,ad,2018-10-01 06:37:11
u01877,ad,2018-10-01 06:37:25
u00848,ad,2018-10-01 06:37:35
u00440,search,2018-10-01 06:37:58
u00921,search,2018-10-01 06:38:31
u01209,search,2018-10-01 06:38:32
u01401,search,2018-10-01 06:42:07
u00033,app,2018-10-01 06:44:22
u01684,app,2018-10-01 06:45:09
u00253,app,2018-10-01 06:46:04
u00175,app,2018-10-01 06:46:26
u01300,search,2018-10-01 06:46:43
u01891,app,2018-10-01 06:47:01
u01229,app,2018-10-01 06:47:10
u00027,search,2018-10-01 06:47:48
u01051,app,2018-10-01 06:49:00
u01711,app,2018-10-01 06:50:44
u01084,app,2018-10-01 06:50:46
u00143,app,2018-10-01 06:51:22
u00397,search,2018-10-01 06:51:39
u00546,app,2018-10-01 06:52:03
u00115,app,2018-10-01 06:52:06
u01931,app,2018-10-01 06:53:40
u01149,app,2018-10-01 06:54:25
u00903,ad,2018-10-01 06:55:11
u00687,ad,2018-10-01 06:56:48
u01674,app,2018-10-01 06:57:00
u00528,app,2018-10-01 06:59:00
u00770,app,2018-10-01 07:00:07
u00635,ad,2018-10-01 07:00:12
u00499,search,2018-10-01 07:00:27
u01793,search,2018-10-01 07:00:33
u01456,app,2018-10-01 07:01:11
u00049,app,2018-10-01 07:01:33
u01330,app,2018-10-01 07:01:37
u00273,app,2018-10-01 07:02:28
u01056,app,2018-10-01 07:03:23
u01948,search,2018-10-01 07:03:25
u01373,search,2018-10-01 07:03:27
u01731,search,2018-10-01 07:03:57
u01615,app,2018-10-01 07:04:10
u01679,app,2018-10-01 07:04:11
u00826,ad,2018-10-01 07:04:41
u01844,app,2018-10-01 07:05:55
u01494,app,2018-10-01 07:07:38
u00962,app,2018-10-01 07:08:38
u01584,search,2018-10-01 07:08:56
u01484,search,2018-10-01 07:09:46
u00887,app,2018-10-01 07:11:01
u01070,app,2018-10-01 07:11:18
u01350,app,2018-10-01 07:11:45
u01720,app,2018-10-01 07:12:26
u01014,search,2018-10-01 07:12:45
u01168,app,2018-10-01 07:12:49
u01902,search,2018-10-01 07:12:57
u01651,ad,2018-10-01 07:14:42
u01351,search,2018-10-01 07:14:49
u01098,ad,2018-10-01 07:15:31
u00051,app,2018-10-01 07:15:54
u00492,ad,2018-10-01 07:16:08
u00301,app,2018-10-01 07:16:38
u01011,app,2018-10-01 07:16:39
u01021,app,2018-10-01 07:17:28
u00808,app,2018-10-01 07:18:20
u01597,app,2018-10-01 07:20:43
u00773,ad,2018-10-01 07:21:20
u01016,app,2018-10-01 07:21:24
u00130,app,2018-10-01 07:22:04
u01715,app,2018-10-01 07:22:44
u00243,app,2018-10-01 07:22:57
u00038,app,2018-10-01 07:23:34
u01163,search,2018-10-01 07:23:57
u01890,app,2018-10-01 07:24:00
u01470,app,2018-10-01 07:24:06
u01914,app,2018-10-01 07:24:07
u00162,search,2018-10-01 07:24:10
u01459,app,2018-10-01 07:24:14
u01317,app,2018-10-01 07:24:16
u01681,app,2018-10-01 07:24:41
u01357,app,2018-10-01 07:24:56
u00737,app,2018-10-01 07:26:03
u00048,app,2018-10-01 07:26:17
u00535,app,2018-10-01 07:26:20
u00457,app,2018-10-01 07:26:41
u00010,search,2018-10-01 07:27:42
u00655,app,2018-10-01 07:27:57
u00638,ad,2018-10-01 07:28:53
u00289,search,2018-10-01 07:29:19
u01749,app,2018-10-01 07:30:10
u00751,search,2018-10-01 07:30:17
u01394,app,2018-10-01 07:32:05
u00327,app,2018-10-01 07:33:26
u00572,ad,2018-10-01 07:34:14
u01148,app,2018-10-01 07:34:50
u01272,search,2018-10-01 07:35:17
u01150,search,2018-10-01 07:35:41
u00488,search,2018-10-01 07:35:43
u01564,app,2018-10-01 07:36:20
u01648,ad,2018-10-01 07:36:36
u01523,app,2018-10-01 07:40:14
u00954,ad,2018-10-01 07:40:36
u01620,search,2018-10-01 07:41:28
u01566,app,2018-10-01 07:42:07
u01208,ad,2018-10-01 07:42:39
u01752,search,2018-10-01 07:43:15
u00068,search,2018-10-01 07:43:40
u00484,app,2018-10-01 07:44:14
u00016,ad,2018-10-01 07:44:28
u01076,app,2018-10-01 07:45:21
u00884,search,2018-10-01 07:46:41
u01363,app,2018-10-01 07:47:31
u01734,ad,2018-10-01 07:48:01
u01110,app,2018-10-01 07:49:21
u01841,app,2018-10-01 07:49:24
u00905,ad,2018-10-01 07:49:56
u00558,app,2018-10-01 07:49:58
u01301,app,2018-10-01 07:50:01
u00872,ad,2018-10-01 07:50:34
u01634,app,2018-10-01 07:50:43
u01606,app,2018-10-01 07:51:56
u01455,app,2018-10-01 07:52:47
u00610,app,2018-10-01 07:54:08
u01378,search,2018-10-01 07:55:42
u01986,search,2018-10-01 07:56:31
u00328,app,2018-10-01 07:56:40
u01036,app,2018-10-01 07:56:51
u01828,search,2018-10-01 07:57:35
u00598,search,2018-10-01 07:58:07
u01108,search,2018-10-01 07:58:48
u00755,app,2018-10-01 07:59:11
u00933,app,2018-10-01 07:59:26
u00221,app,2018-10-01 08:00:15
u01732,search,2018-10-01 08:01:35
u01061,search,2018-10-01 08:01:41
u01379,app,2018-10-01 08:02:02
u01358,search,2018-10-01 08:02:39
u00037,app,2018-10-01 08:02:44
u01182,app,2018-10-01 08:03:11
u01220,app,2018-10-01 08:03:12
u01140,ad,2018-10-01 08:06:44
u01447,search,2018-10-01 08:08:51
u00706,app,2018-10-01 08:09:33
u01303,app,2018-10-01 08:10:04
u01083,ad,2018-10-01 08:10:18
u01280,ad,2018-10-01 08:10:26
u00915,app,2018-10-01 08:10:28
u00732,app,2018-10-01 08:10:56
u00889,app,2018-10-01 08:11:13
u01587,search,2018-10-01 08:11:23
u00100,search,2018-10-01 08:11:25
u01239,app,2018-10-01 08:14:49
u01053,app,2018-10-01 08:15:47
u00673,app,2018-10-01 08:16:15
u01201,search,2018-10-01 08:16:28
u00450,app,2018-10-01 08:17:20
u00288,app,2018-10-01 08:17:25
u01224,search,2018-10-01 08:17:31
u01596,ad,2018-10-01 08:18:18
u01442,app,2018-10-01 08:19:26
u00786,search,2018-10-01 08:19:28
u01725,app,2018-10-01 08:21:23
u00621,ad,2018-10-01 08:21:33
u01809,app,2018-10-01 08:23:28
u00195,ad,2018-10-01 08:24:31
u00057,app,2018-10-01 08:24:32
u01411,app,2018-10-01 08:25:03
u01497,search,2018-10-01 08:27:01
u01966,ad,2018-10-01 08:27:39
u01160,app,2018-10-01 08:28:01
u00015,app,2018-10-01 08:28:13
u00702,search,2018-10-01 08:28:35
u01382,ad,2018-10-01 08:28:44
u01041,ad,2018-10-01 08:29:05
u01169,search,2018-10-01 08:30:23
u01582,ad,2018-10-01 08:30:32
u01328,app,2018-10-01 08:30:50
u01594,app,2018-10-01 08:31:09
u00348,search,2018-10-01 08:32:07
u01650,app,2018-10-01 08:32:27
u00101,app,2018-10-01 08:32:31
u01693,search,2018-10-01 08:32:45
u00438,ad,2018-10-01 08:32:58
u01861,app,2018-10-01 08:33:19
u00120,ad,2018-10-01 08:33:44
u00989,app,2018-10-01 08:35:14
u01985,ad,2018-10-01 08:35:33
u01911,search,2018-10-01 08:35:40
u01771,ad,2018-10-01 08:35:58
u01897,app,2018-10-01 08:36:01
u01065,app,2018-10-01 08:36:09
u01676,app,2018-10-01 08:36:13
u00144,app,2018-10-01 08:36:23
u01072,app,2018-10-01 08:36:24
u01835,app,2018-10-01 08:36:27
u00373,ad,2018-10-01 08:38:33
u00343,search,2018-10-01 08:38:42
u01717,app,2018-10-01 08:39:20
u01158,app,2018-10-01 08:39:59
u00226,app,2018-10-01 08:40:41
u00354,search,2018-10-01 08:41:53
u00974,ad,2018-10-01 08:42:29
u00568,search,2018-10-01 08:43:05
u00219,app,2018-10-01 08:43:20
u01553,app,2018-10-01 08:43:51
u01345,app,2018-10-01 08:44:08
u01819,app,2018-10-01 08:45:49
u01297,app,2018-10-01 08:45:51
u00843,search,2018-10-01 08:45:52
u01611,ad,2018-10-01 08:46:10
u01264,ad,2018-10-01 08:46:14
u01270,search,2018-10-01 08:47:06
u00382,app,2018-10-01 08:48:01
u00807,app,2018-10-01 08:50:03
u00487,ad,2018-10-01 08:50:30
u00936,search,2018-10-01 08:50:39
u01391,app,2018-10-01 08:51:34
u01869,ad,2018-10-01 08:51:42
u01028,search,2018-10-01 08:51:54
u00254,app,2018-10-01 08:53:22
u00468,app,2018-10-01 08:53:26
u00829,app,2018-10-01 08:53:59
u01864,ad,2018-10-01 08:54:04
u01807,search,2018-10-01 08:54:11
u01581,search,2018-10-01 08:54:16
u01856,search,2018-10-01 08:55:15
u01920,search,2018-10-01 08:55:38
u01633,search,2018-10-01 08:55:53
u00427,app,2018-10-01 08:55:56
u01329,app,2018-10-01 08:56:08
u01134,app,2018-10-01 08:56:47
u01116,ad,2018-10-01 08:57:14
u00036,ad,2018-10-01 08:57:38
u01590,app,2018-10-01 08:57:39
u00482,search,2018-10-01 08:58:06
u00202,search,2018-10-01 08:58:30
u00054,search,2018-10-01 09:00:30
u00391,search,2018-10-01 09:00:48
u01405,app,2018-10-01 09:00:58
u01694,search,2018-10-01 09:02:42
u00224,app,2018-10-01 09:03:15
u00799,app,2018-10-01 09:03:54
u00516,ad,2018-10-01 09:04:09
u00835,app,2018-10-01 09:04:35
u00677,app,2018-10-01 09:05:01
u01797,ad,2018-10-01 09:06:11
u00648,ad,2018-10-01 09:06:19
u00708,search,2018-10-01 09:07:15
u00503,ad,2018-10-01 09:08:15
u00731,ad,2018-10-01 09:09:30
u00227,ad,2018-10-01 09:09:36
u01344,search,2018-10-01 09:09:50
u01632,ad,2018-10-01 09:10:31
u01241,ad,2018-10-01 09:10:37
u00836,search,2018-10-01 09:10:41
u01862,ad,2018-10-01 09:11:01
u01188,search,2018-10-01 09:11:45
u01735,app,2018-10-01 09:13:19
u01697,ad,2018-10-01 09:13:38
u00122,ad,2018-10-01 09:13:39
u01299,search,2018-10-01 09:13:59
u01240,app,2018-10-01 09:14:05
u00197,ad,2018-10-01 09:14:08
u00728,app,2018-10-01 09:14:24
u01885,search,2018-10-01 09:15:24
u01737,app,2018-10-01 09:16:54
u00987,app,2018-10-01 09:17:08
u00620,app,2018-10-01 09:17:14
u01984,app,2018-10-01 09:17:24
u00045,app,2018-10-01 09:18:45
u00779,search,2018-10-01 09:18:50
u01310,search,2018-10-01 09:20:04
u00274,ad,2018-10-01 09:20:23
u01838,app,2018-10-01 09:20:23
u00787,ad,2018-10-01 09:20:23
u00922,app,2018-10-01 09:20:50
u00576,app,2018-10-01 09:22:33
u00137,ad,2018-10-01 09:23:08
u01546,app,2018-10-01 09:23:48
u00075,app,2018-10-01 09:24:09
u01046,search,2018-10-01 09:24:13
u00507,search,2018-10-01 09:24:23
u01567,search,2018-10-01 09:24:26
u01895,app,2018-10-01 09:24:58
u00846,ad,2018-10-01 09:25:05
u00784,app,2018-10-01 09:25:30
u00086,ad,2018-10-01 09:28:41
u01100,app,2018-10-01 09:28:55
u00617,app,2018-10-01 09:29:10
u01155,app,2018-10-01 09:29:41
u00881,search,2018-10-01 09:29:55
u01162,ad,2018-10-01 09:30:55
u01710,app,2018-10-01 09:31:56
u00204,ad,2018-10-01 09:32:10
u01159,app,2018-10-01 09:33:00
u01532,app,2018-10-01 09:33:01
u01285,search,2018-10-01 09:34:07
u00179,app,2018-10-01 09:34:21
u00658,app,2018-10-01 09:34:39
u00189,app,2018-10-01 09:34:58
u00722,app,2018-10-01 09:35:58
u00544,app,2018-10-01 09:36:44
u01713,search,2018-10-01 09:36:51
u00926,app,2018-10-01 09:37:22
u01410,app,2018-10-01 09:37:46
u01205,app,2018-10-01 09:40:02
u01716,search,2018-10-01 09:40:11
u01568,app,2018-10-01 09:40:35
u00639,app,2018-10-01 09:40:41
u01503,search,2018-10-01 09:41:52
u00853,ad,2018-10-01 09:42:09
u00992,search,2018-10-01 09:42:23
u00975,app,2018-10-01 09:43:23
u00998,app,2018-10-01 09:44:56
u01612,app,2018-10-01 09:45:22
u00285,search,2018-10-01 09:45:52
u01073,app,2018-10-01 09:46:00
u00907,app,2018-10-01 09:46:19
u00502,ad,2018-10-01 09:46:23
u01789,app,2018-10-01 09:46:27
u01714,app,2018-10-01 09:46:33
u01599,app,2018-10-01 09:46:44
u01326,app,2018-10-01 09:46:52
u01560,app,2018-10-01 09:46:54
u00481,search,2018-10-01 09:46:58
u00358,search,2018-10-01 09:47:11
u01088,app,2018-10-01 09:48:43
u00983,app,2018-10-01 09:49:12
u00212,app,2018-10-01 09:49:19
u01469,app,2018-10-01 09:49:51
u01305,app,2018-10-01 09:49:57
u01139,app,2018-10-01 09:50:37
u01930,ad,2018-10-01 09:51:23
u00552,app,2018-10-01 09:51:32
u01533,app,2018-10-01 09:52:05
u01048,app,2018-10-01 09:52:16
u00330,ad,2018-10-01 09:52:16
u00084,search,2018-10-01 09:52:43
u00034,search,2018-10-01 09:53:10
u01689,app,2018-10-01 09:55:50
u01586,ad,2018-10-01 09:57:29
u01666,search,2018-10-01 09:58:02
u01969,search,2018-10-01 09:58:09
u00885,search,2018-10-01 09:58:10
u01259,app,2018-10-01 09:59:16
u00538,search,2018-10-01 09:59:28
u00456,search,2018-10-01 10:00:18
u00756,ad,2018-10-01 10:01:19
u00250,ad,2018-10-01 10:01:28
u01630,search,2018-10-01 10:02:20
u00657,ad,2018-10-01 10:02:26
u00225,app,2018-10-01 10:02:43
u00791,ad,2018-10-01 10:03:12
u01490,ad,2018-10-01 10:03:31
u00252,search,2018-10-01 10:05:07
u00307,app,2018-10-01 10:05:43
u01369,app,2018-10-01 10:05:43
u02000,search,2018-10-01 10:06:35
u00350,app,2018-10-01 10:06:38
u01724,search,2018-10-01 10:06:39
u00973,app,2018-10-01 10:07:26
u00300,app,2018-10-01 10:07:42
u00095,app,2018-10-01 10:08:01
u01515,app,2018-10-01 10:08:10
u00882,app,2018-10-01 10:09:51
u01465,ad,2018-10-01 10:11:52
u00804,app,2018-10-01 10:12:49
u00422,ad,2018-10-01 10:15:03
u01635,app,2018-10-01 10:15:17
u00629,app,2018-10-01 10:15:34
u00815,app,2018-10-01 10:15:51
u01678,app,2018-10-01 10:17:23
u01641,app,2018-10-01 10:17:34
u00112,app,2018-10-01 10:17:54
u01536,app,2018-10-01 10:18:21
u00910,app,2018-10-01 10:18:38
u01309,app,2018-10-01 10:19:25
u01064,app,2018-10-01 10:19:29
u01075,search,2018-10-01 10:19:33
u01773,app,2018-10-01 10:19:50
u01327,app,2018-10-01 10:21:14
u01750,search,2018-10-01 10:21:36
u01978,search,2018-10-01 10:21:55
u01286,app,2018-10-01 10:22:20
u01799,ad,2018-10-01 10:25:07
u00669,app,2018-10-01 10:25:59
u01104,app,2018-10-01 10:26:45
u01352,ad,2018-10-01 10:26:46
u01569,app,2018-10-01 10:26:56
u01364,app,2018-10-01 10:28:26
u00041,search,2018-10-01 10:29:40
u01900,ad,2018-10-01 10:30:28
u01296,ad,2018-10-01 10:31:27
u01245,app,2018-10-01 10:32:08
u00991,app,2018-10-01 10:32:41
u00365,ad,2018-10-01 10:32:53
u00619,ad,2018-10-01 10:33:35
u00110,app,2018-10-01 10:33:50
u00913,app,2018-10-01 10:34:04
u01464,ad,2018-10-01 10:34:18
u01950,search,2018-10-01 10:34:52
u01392,search,2018-10-01 10:35:58
u00825,app,2018-10-01 10:36:20
u01896,search,2018-10-01 10:36:42
u00800,ad,2018-10-01 10:37:28
u01981,search,2018-10-01 10:37:35
u00424,app,2018-10-01 10:37:48
u00551,app,2018-10-01 10:37:48
u00623,search,2018-10-01 10:38:11
u00798,ad,2018-10-01 10:39:10
u00161,app,2018-10-01 10:39:12
u01091,app,2018-10-01 10:40:02
u00107,app,2018-10-01 10:41:26
u00105,app,2018-10-01 10:41:56
u01834,ad,2018-10-01 10:42:32
u00734,search,2018-10-01 10:43:05
u01668,app,2018-10-01 10:43:34
u00455,ad,2018-10-01 10:43:57
u01211,app,2018-10-01 10:44:38
u00812,app,2018-10-01 10:44:48
u00031,app,2018-10-01 10:45:01
u00683,search,2018-10-01 10:45:35
u00229,search,2018-10-01 10:45:43
u00703,search,2018-10-01 10:47:34
u01687,search,2018-10-01 10:48:26
u01958,search,2018-10-01 10:48:30
u01548,app,2018-10-01 10:49:05
u00953,app,2018-10-01 10:49:40
u00290,ad,2018-10-01 10:49:50
u00282,app,2018-10-01 10:50:06
u01288,app,2018-10-01 10:50:38
u00942,search,2018-10-01 10:50:43
u00802,ad,2018-10-01 10:51:19
u01223,search,2018-10-01 10:51:45
u00205,search,2018-10-01 10:51:52
u00547,ad,2018-10-01 10:53:07
u00153,app,2018-10-01 10:54:00
u00575,app,2018-10-01 10:54:08
u00126,app,2018-10-01 10:54:11
u00032,app,2018-10-01 10:55:08
u00747,app,2018-10-01 10:55:59
u01849,app,2018-10-01 10:56:10
u00322,ad,2018-10-01 10:56:43
u00117,ad,2018-10-01 10:58:40
u00381,app,2018-10-01 10:59:04
u01832,app,2018-10-01 11:00:06
u00287,app,2018-10-01 11:00:35
u00842,search,2018-10-01 11:00:53
u00580,ad,2018-10-01 11:01:30
u00611,app,2018-10-01 11:02:00
u01753,search,2018-10-01 11:03:51
u00758,ad,2018-10-01 11:04:22
u01871,search,2018-10-01 11:04:47
u01181,search,2018-10-01 11:05:30
u01141,app,2018-10-01 11:05:57
u00532,search,2018-10-01 11:06:12
u00201,search,2018-10-01 11:06:59
u00844,app,2018-10-01 11:07:00
u01675,search,2018-10-01 11:07:38
u00180,app,2018-10-01 11:07:51
u01656,app,2018-10-01 11:08:58
u00637,app,2018-10-01 11:09:17
u00449,search,2018-10-01 11:09:44
u00813,ad,2018-10-01 11:09:52
u00505,search,2018-10-01 11:10:38
u00050,ad,2018-10-01 11:11:08
u01604,search,2018-10-01 11:11:57
u01829,app,2018-10-01 11:13:16
u00062,app,2018-10-01 11:14:04
u01385,search,2018-10-01 11:15:34
u01957,app,2018-10-01 11:16:33
u00675,ad,2018-10-01 11:17:03
u00923,app,2018-10-01 11:17:11
u00681,app,2018-10-01 11:17:15
u00540,search,2018-10-01 11:17:19
u00339,ad,2018-10-01 11:18:51
u00428,app,2018-10-01 11:19:04
u00317,app,2018-10-01 11:19:11
u01276,search,2018-10-01 11:19:29
u00277,ad,2018-10-01 11:20:43
u00170,app,2018-10-01 11:21:36
u01492,app,2018-10-01 11:21:37
u00417,search,2018-10-01 11:21:38
u00029,ad,2018-10-01 11:22:18
u00429,app,2018-10-01 11:22:26
u01170,app,2018-10-01 11:23:38
u01814,search,2018-10-01 11:24:41
u01119,search,2018-10-01 11:24:56
u00931,app,2018-10-01 11:25:46
u00238,app,2018-10-01 11:25:49
u00911,app,2018-10-01 11:26:29
u00402,app,2018-10-01 11:26:49
u01122,search,2018-10-01 11:27:08
u00583,search,2018-10-01 11:27:44
u01226,search,2018-10-01 11:28:10
u00847,search,2018-10-01 11:29:49
u00895,app,2018-10-01 11:30:58
u00880,search,2018-10-01 11:31:36
u01798,app,2018-10-01 11:32:29
u01355,ad,2018-10-01 11:33:14
u00058,ad,2018-10-01 11:33:55
u01664,app,2018-10-01 11:34:03
u01787,search,2018-10-01 11:34:29
u01432,ad,2018-10-01 11:35:02
u00140,ad,2018-10-01 11:35:53
u01805,app,2018-10-01 11:38:12
u00524,ad,2018-10-01 11:38:34
u01281,search,2018-10-01 11:38:36
u01517,app,2018-10-01 11:39:06
u00475,app,2018-10-01 11:39:07
u01669,ad,2018-10-01 11:39:11
u01578,app,2018-10-01 11:39:35
u00138,search,2018-10-01 11:42:45
u01302,ad,2018-10-01 11:43:28
u01755,ad,2018-10-01 11:43:31
u00701,app,2018-10-01 11:44:48
u00817,app,2018-10-01 11:45:19
u00267,search,2018-10-01 11:45:22
u00081,ad,2018-10-01 11:45:52
u00513,ad,2018-10-01 11:47:37
u01068,app,2018-10-01 11:48:08
u00060,ad,2018-10-01 11:49:10
u00495,search,2018-10-01 11:50:04
u01543,app,2018-10-01 11:50:43
u00442,ad,2018-10-01 11:51:43
u01234,ad,2018-10-01 11:52:16
u00304,app,2018-10-01 11:52:20
u00134,app,2018-10-01 11:52:24
u01964,ad,2018-10-01 11:52:25
u01998,ad,2018-10-01 11:52:40
u01263,ad,2018-10-01 11:53:29
u00531,app,2018-10-01 11:55:03
u01987,ad,2018-10-01 11:55:23
u00042,search,2018-10-01 11:56:48
u00977,search,2018-10-01 11:57:39
u00052,app,2018-10-01 11:57:45
u00720,app,2018-10-01 11:58:30
u00831,app,2018-10-01 11:58:43
u00519,search,2018-10-01 11:59:36
u00866,ad,2018-10-01 11:59:54
u00939,app,2018-10-01 12:00:21
u01628,app,2018-10-01 12:00:33
u01431,app,2018-10-01 12:02:03
u01311,search,2018-10-01 12:03:04
u01804,app,2018-10-01 12:03:40
u01029,app,2018-10-01 12:04:26
u01126,app,2018-10-01 12:04:53
u00597,search,2018-10-01 12:06:30
u00190,search,2018-10-01 12:07:14
u00867,app,2018-10-01 12:07:35
u01995,search,2018-10-01 12:08:43
u01412,app,2018-10-01 12:09:42
u00349,ad,2018-10-01 12:09:44
u00139,search,2018-10-01 12:10:05
u00004,search,2018-10-01 12:10:09
u00151,app,2018-10-01 12:11:01
u00618,search,2018-10-01 12:11:06
u01185,search,2018-10-01 12:11:36
u00040,ad,2018-10-01 12:12:26
u00832,ad,2018-10-01 12:14:02
u00650,ad,2018-10-01 12:14:58
u01991,app,2018-10-01 12:15:03
u00232,search,2018-10-01 12:17:24
u01077,app,2018-10-01 12:18:23
u01577,app,2018-10-01 12:18:28
u01383,ad,2018-10-01 12:18:36
u00251,search,2018-10-01 12:20:29
u01418,app,2018-10-01 12:20:48
u01360,app,2018-10-01 12:20:55
u01703,search,2018-10-01 12:20:57
u01754,ad,2018-10-01 12:21:26
u01136,app,2018-10-01 12:21:38
u00608,app,2018-10-01 12:22:13
u00624,ad,2018-10-01 12:23:23
u00168,app,2018-10-01 12:23:23
u01639,app,2018-10-01 12:23:54
u01138,app,2018-10-01 12:24:21
u01853,search,2018-10-01 12:24:27
u00750,search,2018-10-01 12:25:30
u01554,ad,2018-10-01 12:26:02
u01830,app,2018-10-01 12:26:05
u01374,ad,2018-10-01 12:26:40
u00489,ad,2018-10-01 12:28:00
u01954,ad,2018-10-01 12:28:15
u01657,app,2018-10-01 12:29:56
u00166,search,2018-10-01 12:31:23
u00165,app,2018-10-01 12:31:57
u01221,app,2018-10-01 12:32:41
u00003,search,2018-10-01 12:32:58
u01847,search,2018-10-01 12:33:05
u00181,app,2018-10-01 12:33:33
u00318,app,2018-10-01 12:34:06
u00286,app,2018-10-01 12:34:16
u01782,ad,2018-10-01 12:35:48
u00587,app,2018-10-01 12:36:39
u01275,search,2018-10-01 12:36:59
u01078,app,2018-10-01 12:37:49
u00135,ad,2018-10-01 12:37:55
u01377,search,2018-10-01 12:38:02
u01955,app,2018-10-01 12:39:06
u00967,search,2018-10-01 12:39:49
u01052,ad,2018-10-01 12:39:50
u01919,app,2018-10-01 12:39:54
u00106,app,2018-10-01 12:40:35
u00879,search,2018-10-01 12:40:50
u00643,search,2018-10-01 12:42:01
u00686,app,2018-10-01 12:43:06
u00235,search,2018-10-01 12:44:35
u00699,app,2018-10-01 12:45:16
u00906,app,2018-10-01 12:45:23
u00771,ad,2018-10-01 12:46:10
u00472,app,2018-10-01 12:46:26
u01050,ad,2018-10-01 12:46:39
u01202,app,2018-10-01 12:46:46
u00584,app,2018-10-01 12:46:49
u00707,app,2018-10-01 12:47:05
u01638,app,2018-10-01 12:47:50
u01983,app,2018-10-01 12:48:49
u00078,app,2018-10-01 12:49:36
u01032,ad,2018-10-01 12:50:13
u01850,ad,2018-10-01 12:51:03
u01171,app,2018-10-01 12:51:12
u00483,search,2018-10-01 12:52:24
u00627,app,2018-10-01 12:52:59
u00386,app,2018-10-01 12:53:14
u00663,ad,2018-10-01 12:53:16
u00690,app,2018-10-01 12:53:45
u01559,app,2018-10-01 12:54:01
u01775,ad,2018-10-01 12:54:32
u01654,app,2018-10-01 12:56:47
u00398,search,2018-10-01 12:56:52
u01498,app,2018-10-01 12:58:47
u00444,search,2018-10-01 13:00:05
u01156,app,2018-10-01 13:00:37
u00603,app,2018-10-01 13:02:20
u01342,ad,2018-10-01 13:03:12
u00928,search,2018-10-01 13:04:12
u01242,app,2018-10-01 13:05:47
u01434,app,2018-10-01 13:06:40
u00859,ad,2018-10-01 13:06:55
u01947,search,2018-10-01 13:07:24
u00692,app,2018-10-01 13:07:36
u01824,app,2018-10-01 13:08:25
u00278,search,2018-10-01 13:10:34
u00539,search,2018-10-01 13:10:41
u00261,ad,2018-10-01 13:10:45
u00111,search,2018-10-01 13:11:19
u00171,ad,2018-10-01 13:11:26
u01045,ad,2018-10-01 13:11:27
u01831,app,2018-10-01 13:11:42
u00305,ad,2018-10-01 13:12:18
u00976,search,2018-10-01 13:12:20
u00890,app,2018-10-01 13:12:26
u01528,app,2018-10-01 13:12:37
u01312,search,2018-10-01 13:13:11
u01161,app,2018-10-01 13:13:28
u01274,search,2018-10-01 13:15:08
u01927,search,2018-10-01 13:15:59
u00415,ad,2018-10-01 13:16:21
u01872,app,2018-10-01 13:16:22
u01526,ad,2018-10-01 13:16:33
u01218,ad,2018-10-01 13:17:06
u00534,ad,2018-10-01 13:17:18
u00697,app,2018-10-01 13:17:21
u01642,app,2018-10-01 13:17:32
u01105,app,2018-10-01 13:19:17
u00473,app,2018-10-01 13:20:30
u00725,app,2018-10-01 13:20:47
u01417,ad,2018-10-01 13:20:56
u00691,ad,2018-10-01 13:20:58
u00937,app,2018-10-01 13:21:02
u01283,app,2018-10-01 13:21:50
u00263,search,2018-10-01 13:22:12
u01617,search,2018-10-01 13:22:22
u01247,search,2018-10-01 13:22:27
u01348,app,2018-10-01 13:22:30
u01763,app,2018-10-01 13:23:25
u00768,search,2018-10-01 13:24:38
u01128,app,2018-10-01 13:25:28
u01437,app,2018-10-01 13:25:32
u01866,ad,2018-10-01 13:25:38
u01929,ad,2018-10-01 13:26:05
u01968,app,2018-10-01 13:26:05
u00172,search,2018-10-01 13:26:19
u00745,search,2018-10-01 13:26:36
u01153,search,2018-10-01 13:28:23
u00187,ad,2018-10-01 13:28:35
u00092,ad,2018-10-01 13:29:06
u01892,app,2018-10-01 13:30:30
u00480,app,2018-10-01 13:30:44
u00612,ad,2018-10-01 13:31:12
u01571,app,2018-10-01 13:31:30
u00374,app,2018-10-01 13:32:32
u01338,search,2018-10-01 13:34:35
u01918,app,2018-10-01 13:34:51
u00960,search,2018-10-01 13:35:18
u01195,ad,2018-10-01 13:35:43
u00607,ad,2018-10-01 13:36:28
u00231,ad,2018-10-01 13:36:29
u00019,app,2018-10-01 13:36:45
u01815,search,2018-10-01 13:37:24
u01701,app,2018-10-01 13:38:49
u00711,search,2018-10-01 13:39:01
u01719,search,2018-10-01 13:39:08
u00875,ad,2018-10-01 13:39:23
u00839,search,2018-10-01 13:39:43
u00447,ad,2018-10-01 13:40:06
u00545,search,2018-10-01 13:40:49
u01384,ad,2018-10-01 13:41:47
u01013,app,2018-10-01 13:42:16
u01744,app,2018-10-01 13:43:39
u01889,app,2018-10-01 13:44:21
u00752,search,2018-10-01 13:44:22
u00108,app,2018-10-01 13:45:18
u01908,ad,2018-10-01 13:46:15
u01776,search,2018-10-01 13:48:26
u01609,app,2018-10-01 13:48:28
u00470,search,2018-10-01 13:48:37
u00462,ad,2018-10-01 13:49:06
u01143,app,2018-10-01 13:49:35
u01563,app,2018-10-01 13:50:36
u01608,app,2018-10-01 13:51:08
u00862,app,2018-10-01 13:54:02
u00103,app,2018-10-01 13:55:55
u01574,app,2018-10-01 13:55:57
u00244,search,2018-10-01 13:56:04
u01946,app,2018-10-01 13:56:45
u01970,app,2018-10-01 13:57:21
u01371,app,2018-10-01 13:58:40
u01426,search,2018-10-01 13:59:11
u01252,app,2018-10-01 13:59:39
u00320,ad,2018-10-01 13:59:41
u01565,app,2018-10-01 14:00:32
u01146,app,2018-10-01 14:01:35
u01216,ad,2018-10-01 14:02:13
u00916,app,2018-10-01 14:03:51
u01461,ad,2018-10-01 14:04:26
u01336,app,2018-10-01 14:04:50
u01661,app,2018-10-01 14:05:13
u01602,app,2018-10-01 14:05:18
u00496,app,2018-10-01 14:05:20
u01092,app,2018-10-01 14:06:06
u00599,search,2018-10-01 14:06:58
u01873,app,2018-10-01 14:07:20
u00820,app,2018-10-01 14:08:13
u00360,ad,2018-10-01 14:08:20
u00006,search,2018-10-01 14:09:36
u00466,app,2018-10-01 14:10:03
u00433,app,2018-10-01 14:12:30
u00796,app,2018-10-01 14:13:42
u01366,app,2018-10-01 14:14:21
u00087,app,2018-10-01 14:14:29
u01792,app,2018-10-01 14:16:59
u01511,search,2018-10-01 14:17:08
u01518,app,2018-10-01 14:17:17
u01791,ad,2018-10-01 14:20:17
u01579,app,2018-10-01 14:20:44
u01273,search,2018-10-01 14:21:35
u00764,search,2018-10-01 14:21:59
u01395,app,2018-10-01 14:22:08
u01413,search,2018-10-01 14:22:10
u00169,ad,2018-10-01 14:22:32
u01932,app,2018-10-01 14:22:49
u01347,app,2018-10-01 14:23:10
u00876,app,2018-10-01 14:25:17
u00581,ad,2018-10-01 14:25:37
u01462,ad,2018-10-01 14:25:41
u00995,search,2018-10-01 14:28:21
u00845,app,2018-10-01 14:28:46
u00972,search,2018-10-01 14:29:44
u00515,app,2018-10-01 14:31:40
u01474,ad,2018-10-01 14:31:52
u01772,app,2018-10-01 14:32:41
u01197,app,2018-10-01 14:33:05
u01262,app,2018-10-01 14:34:10
u00861,app,2018-10-01 14:34:15
u01435,app,2018-10-01 14:35:14
u01189,search,2018-10-01 14:35:22
u01982,app,2018-10-01 14:35:39
u01527,ad,2018-10-01 14:36:46
u00865,app,2018-10-01 14:37:03
u01049,app,2018-10-01 14:38:19
u01625,app,2018-10-01 14:38:43
u01802,search,2018-10-01 14:39:08
u01539,ad,2018-10-01 14:39:28
u00736,ad,2018-10-01 14:39:51
u00908,app,2018-10-01 14:39:57
u01722,app,2018-10-01 14:40:36
u00220,ad,2018-10-01 14:40:42
u01102,app,2018-10-01 14:40:46
u00437,app,2018-10-01 14:41:09
u00945,search,2018-10-01 14:41:32
u01228,app,2018-10-01 14:41:39
u00148,search,2018-10-01 14:42:27
u01647,search,2018-10-01 14:42:46
u00431,search,2018-10-01 14:43:07
u01967,search,2018-10-01 14:43:15
u00986,app,2018-10-01 14:44:58
u01047,search,2018-10-01 14:46:03
u00661,search,2018-10-01 14:46:48
u00892,search,2018-10-01 14:46:57
u00018,app,2018-10-01 14:47:14
u00128,search,2018-10-01 14:47:36
u00460,app,2018-10-01 14:47:38
u00827,app,2018-10-01 14:47:41
u01808,app,2018-10-01 14:48:53
u00234,ad,2018-10-01 14:49:41
u01589,search,2018-10-01 14:49:49
u00419,app,2018-10-01 14:50:11
u01486,search,2018-10-01 14:50:39
u01905,app,2018-10-01 14:51:01
u00780,app,2018-10-01 14:52:31
u01761,app,2018-10-01 14:53:39
u01700,app,2018-10-01 14:53:54
u01813,search,2018-10-01 14:54:38
u01667,search,2018-10-01 14:55:38
u00493,ad,2018-10-01 14:55:54
u01965,ad,2018-10-01 14:55:58
u01000,app,2018-10-01 14:56:29
u00007,app,2018-10-01 14:56:51
u00136,app,2018-10-01 14:58:25
u01928,app,2018-10-01 14:58:26
u00497,search,2018-10-01 14:58:28
u01779,search,2018-10-01 14:59:39
u01513,app,2018-10-01 14:59:41
u00810,app,2018-10-01 14:59:50
u00590,search,2018-10-01 15:01:54
u00379,app,2018-10-01 15:02:11
u01702,app,2018-10-01 15:03:30
u00757,search,2018-10-01 15:04:37
u00272,ad,2018-10-01 15:04:47
u00213,app,2018-10-01 15:05:33
u00256,search,2018-10-01 15:06:36
u01907,ad,2018-10-01 15:07:57
u00269,app,2018-10-01 15:09:11
u00996,app,2018-10-01 15:09:35
u00781,ad,2018-10-01 15:10:22
u00613,app,2018-10-01 15:10:37
u01332,search,2018-10-01 15:10:59
u00079,app,2018-10-01 15:11:40
u00622,app,2018-10-01 15:12:16
u01439,ad,2018-10-01 15:14:33
u00819,app,2018-10-01 15:14:54
u00276,search,2018-10-01 15:15:51
u01365,ad,2018-10-01 15:16:07
u00748,search,2018-10-01 15:16:16
u00684,app,2018-10-01 15:16:18
u01277,app,2018-10-01 15:17:03
u00855,search,2018-10-01 15:17:57
u00335,app,2018-10-01 15:18:30
u01323,search,2018-10-01 15:19:16
u01822,search,2018-10-01 15:21:05
u01803,app,2018-10-01 15:22:10
u01178,app,2018-10-01 15:22:43
u00647,app,2018-10-01 15:22:46
u01249,search,2018-10-01 15:22:53
u00009,search,2018-10-01 15:24:14
u00525,search,2018-10-01 15:25:01
u00412,ad,2018-10-01 15:25:41
u01898,search,2018-10-01 15:26:06
u01550,app,2018-10-01 15:26:29
u01444,ad,2018-10-01 15:26:42
u00763,app,2018-10-01 15:26:49
u01183,ad,2018-10-01 15:29:29
u00055,app,2018-10-01 15:29:37
u01396,app,2018-10-01 15:30:22
u01691,app,2018-10-01 15:31:47
u01320,app,2018-10-01 15:31:52
u00727,app,2018-10-01 15:32:32
u01514,search,2018-10-01 15:34:55
u00600,app,2018-10-01 15:37:59
u01255,app,2018-10-01 15:38:59
u01558,app,2018-10-01 15:39:46
u01788,app,2018-10-01 15:40:06
u00940,search,2018-10-01 15:40:25
u01551,app,2018-10-01 15:41:57
u01585,app,2018-10-01 15:42:14
u00206,search,2018-10-01 15:44:52
u00299,search,2018-10-01 15:46:33
u00858,app,2018-10-01 15:46:48
u01562,app,2018-10-01 15:47:51
u00510,ad,2018-10-01 15:48:42
u00163,app,2018-10-01 15:48:50
u01836,search,2018-10-01 15:49:17
u01103,app,2018-10-01 15:49:58
u01043,app,2018-10-01 15:50:01
u01027,ad,2018-10-01 15:50:18
u00377,ad,2018-10-01 15:50:45
u01448,app,2018-10-01 15:51:03
u01349,app,2018-10-01 15:51:18
u00957,ad,2018-10-01 15:52:07
u00184,app,2018-10-01 15:54:08
u00746,app,2018-10-01 15:54:38
u01213,ad,2018-10-01 15:56:11
u01354,search,2018-10-01 15:57:52
u00309,search,2018-10-01 15:59:11
u01936,search,2018-10-01 15:59:46
u01542,app,2018-10-01 16:01:27
u00653,ad,2018-10-01 16:01:56
u01745,app,2018-10-01 16:02:48
u00821,app,2018-10-01 16:02:49
u01827,app,2018-10-01 16:03:09
u00828,app,2018-10-01 16:03:39
u00211,search,2018-10-01 16:04:05
u00834,ad,2018-10-01 16:05:46
u00262,app,2018-10-01 16:06:35
u01063,ad,2018-10-01 16:07:01
u01980,ad,2018-10-01 16:07:07
u01698,app,2018-10-01 16:07:13
u01334,app,2018-10-01 16:08:45
u00772,ad,2018-10-01 16:09:45
u00394,search,2018-10-01 16:10:13
u01540,app,2018-10-01 16:11:55
u00649,search,2018-10-01 16:12:15
u01733,search,2018-10-01 16:12:43
u00944,ad,2018-10-01 16:12:43
u01977,ad,2018-10-01 16:15:13
u00124,ad,2018-10-01 16:16:35
u00093,app,2018-10-01 16:16:50
u01545,app,2018-10-01 16:17:21
u01069,search,2018-10-01 16:18:14
u00173,search,2018-10-01 16:18:53
u01214,app,2018-10-01 16:19:41
u00769,ad,2018-10-01 16:19:58
u00509,app,2018-10-01 16:20:03
u01626,app,2018-10-01 16:20:33
u00693,app,2018-10-01 16:20:37
u01757,ad,2018-10-01 16:21:10
u01268,search,2018-10-01 16:21:26
u01876,search,2018-10-01 16:22:17
u01008,app,2018-10-01 16:23:52
u00873,ad,2018-10-01 16:24:34
u00901,search,2018-10-01 16:24:50
u01888,app,2018-10-01 16:25:00
u01196,app,2018-10-01 16:27:31
u00405,search,2018-10-01 16:30:04
u00463,app,2018-10-01 16:30:18
u01842,app,2018-10-01 16:31:32
u00076,search,2018-10-01 16:31:36
u00984,search,2018-10-01 16:31:46
u01887,app,2018-10-01 16:31:48
u01610,search,2018-10-01 16:33:24
u01504,ad,2018-10-01 16:35:43
u01534,search,2018-10-01 16:36:14
u00981,ad,2018-10-01 16:36:40
u00688,app,2018-10-01 16:36:48
u01926,app,2018-10-01 16:37:17
u00833,ad,2018-10-01 16:37:19
u01295,search,2018-10-01 16:37:22
u00606,app,2018-10-01 16:37:52
u01471,app,2018-10-01 16:38:13
u01796,search,2018-10-01 16:38:28
u00257,app,2018-10-01 16:42:17
u01356,search,2018-10-01 16:42:18
u00233,app,2018-10-01 16:42:34
u01085,app,2018-10-01 16:44:40
u00230,app,2018-10-01 16:45:01
u00529,search,2018-10-01 16:47:13
u01686,app,2018-10-01 16:48:10
u00459,search,2018-10-01 16:48:24
u00104,app,2018-10-01 16:49:07
u00902,app,2018-10-01 16:49:12
u00152,app,2018-10-01 16:50:29
u01035,search,2018-10-01 16:52:58
u00129,app,2018-10-01 16:53:17
u00469,search,2018-10-01 16:53:46
u00013,app,2018-10-01 16:54:23
u01857,app,2018-10-01 16:54:47
u01479,search,2018-10-01 16:54:55
u01547,ad,2018-10-01 16:55:52
u00408,app,2018-10-01 16:56:23
u00325,app,2018-10-01 16:57:06
u01598,search,2018-10-01 16:58:25
u01172,app,2018-10-01 16:58:36
u01090,search,2018-10-01 16:58:54
u00345,app,2018-10-01 16:59:45
u01878,search,2018-10-01 16:59:54
u00856,search,2018-10-01 17:01:03
u00651,app,2018-10-01 17:01:06
u01863,ad,2018-10-01 17:01:13
u01109,search,2018-10-01 17:01:18
u00490,app,2018-10-01 17:01:26
u00264,app,2018-10-01 17:04:00
u01335,app,2018-10-01 17:04:04
u01988,search,2018-10-01 17:04:21
u01173,app,2018-10-01 17:05:33
u01445,ad,2018-10-01 17:05:34
u00788,app,2018-10-01 17:06:05
u00724,app,2018-10-01 17:06:30
u01060,ad,2018-10-01 17:06:39
u00863,app,2018-10-01 17:07:13
u01130,app,2018-10-01 17:09:54
u00961,app,2018-10-01 17:10:57
u00838,app,2018-10-01 17:11:17
u01133,app,2018-10-01 17:11:33
u01529,app,2018-10-01 17:12:06
u01759,app,2018-10-01 17:12:52
u00461,app,2018-10-01 17:13:31
u00237,search,2018-10-01 17:13:36
u00222,app,2018-10-01 17:15:09
u01244,search,2018-10-01 17:17:17
u01786,app,2018-10-01 17:17:35
u01386,app,2018-10-01 17:19:59
u00283,ad,2018-10-01 17:20:29
u00602,app,2018-10-01 17:20:34
u00682,app,2018-10-01 17:20:48
u01631,app,2018-10-01 17:20:48
u01575,app,2018-10-01 17:23:28
u01308,app,2018-10-01 17:23:38
u00351,app,2018-10-01 17:23:48
u01487,app,2018-10-01 17:23:49
u01555,app,2018-10-01 17:24:52
u01549,search,2018-10-01 17:26:03
u00569,app,2018-10-01 17:28:00
u01672,app,2018-10-01 17:28:22
u01390,app,2018-10-01 17:28:47
u00313,app,2018-10-01 17:29:03
u00291,search,2018-10-01 17:29:06
u00814,search,2018-10-01 17:31:21
u01990,app,2018-10-01 17:31:41
u00411,ad,2018-10-01 17:31:51
u00061,ad,2018-10-01 17:32:47
u00601,app,2018-10-01 17:34:01
u01726,app,2018-10-01 17:35:24
u01705,app,2018-10-01 17:35:49
u01780,ad,2018-10-01 17:36:44
u00579,search,2018-10-01 17:37:14
u00353,app,2018-10-01 17:37:41
u00022,app,2018-10-01 17:38:42
u00239,app,2018-10-01 17:38:54
u00762,search,2018-10-01 17:41:12
u00056,search,2018-10-01 17:42:41
u01904,ad,2018-10-01 17:43:45
u01235,search,2018-10-01 17:45:19
u01278,search,2018-10-01 17:45:48
u01057,app,2018-10-01 17:46:22
u01942,app,2018-10-01 17:46:38
u00818,ad,2018-10-01 17:48:08
u01870,ad,2018-10-01 17:48:11
u00888,app,2018-10-01 17:48:43
u01677,app,2018-10-01 17:49:10
u00441,ad,2018-10-01 17:49:44
u00792,app,2018-10-01 17:52:16
u00785,app,2018-10-01 17:52:35
u00477,search,2018-10-01 17:53:04
u01756,search,2018-10-01 17:54:59
u01472,search,2018-10-01 17:55:33
u00900,ad,2018-10-01 17:55:43
u00577,app,2018-10-01 17:56:46
u00194,ad,2018-10-01 17:57:21
u01415,app,2018-10-01 17:57:51
u01166,ad,2018-10-01 17:58:00
u01087,app,2018-10-01 17:58:27
u01801,app,2018-10-01 17:58:37
u01289,app,2018-10-01 18:00:16
u01859,app,2018-10-01 18:01:02
u00392,search,2018-10-01 18:01:12
u01556,search,2018-10-01 18:01:27
u00409,search,2018-10-01 18:01:52
u00743,app,2018-10-01 18:02:03
u01521,search,2018-10-01 18:02:17
u01894,ad,2018-10-01 18:02:43
u00098,app,2018-10-01 18:02:56
u00271,app,2018-10-01 18:04:02
u00778,app,2018-10-01 18:04:23
u01488,app,2018-10-01 18:06:44
u01115,app,2018-10-01 18:07:12
u00718,app,2018-10-01 18:07:48
u00806,search,2018-10-01 18:08:43
u01120,app,2018-10-01 18:09:32
u00321,app,2018-10-01 18:15:01
u00268,app,2018-10-01 18:16:00
u01022,app,2018-10-01 18:17:21
u00452,ad,2018-10-01 18:22:38
u01025,app,2018-10-01 18:24:10
u01500,ad,2018-10-01 18:24:37
u00674,app,2018-10-01 18:25:04
u00564,ad,2018-10-01 18:27:45
u01934,ad,2018-10-01 18:27:47
u00912,app,2018-10-01 18:28:25
u00554,app,2018-10-01 18:28:48
u01899,app,2018-10-01 18:29:16
u01322,ad,2018-10-01 18:29:38
u00367,search,2018-10-01 18:30:24
u00566,ad,2018-10-01 18:30:52
u01343,search,2018-10-01 18:31:41
u01117,ad,2018-10-01 18:31:57
u01187,ad,2018-10-01 18:32:13
u00789,search,2018-10-01 18:32:21
u01362,search,2018-10-01 18:32:31
u01037,search,2018-10-01 18:33:49
u00679,app,2018-10-01 18:33:50
u00951,search,2018-10-01 18:34:32
u01152,app,2018-10-01 18:35:20
u00116,ad,2018-10-01 18:36:48
u01846,app,2018-10-01 18:36:55
u00659,app,2018-10-01 18:37:17
u01225,search,2018-10-01 18:37:48
u01038,app,2018-10-01 18:37:51
u00439,search,2018-10-01 18:40:44
u01820,ad,2018-10-01 18:42:31
u00248,search,2018-10-01 18:42:50
u00883,app,2018-10-01 18:43:11
u00396,ad,2018-10-01 18:43:39
u00154,ad,2018-10-01 18:44:37
u00485,app,2018-10-01 18:45:44
u00217,search,2018-10-01 18:45:46
u01823,app,2018-10-01 18:46:10
u00448,search,2018-10-01 18:46:28
u00426,app,2018-10-01 18:47:20
u00665,app,2018-10-01 18:47:42
u00021,app,2018-10-01 18:48:08
u01614,app,2018-10-01 18:49:08
u01663,search,2018-10-01 18:49:44
u00073,app,2018-10-01 18:50:08
u01821,search,2018-10-01 18:50:09
u00893,search,2018-10-01 18:51:48
u01935,search,2018-10-01 18:53:58
u01419,app,2018-10-01 18:54:02
u00671,app,2018-10-01 18:54:25
u01843,app,2018-10-01 18:54:59
u00959,app,2018-10-01 18:55:15
u00026,ad,2018-10-01 18:56:26
u00279,app,2018-10-01 19:01:38
u00186,app,2018-10-01 19:01:54
u00053,search,2018-10-01 19:02:22
u01538,app,2018-10-01 19:03:49
u01993,search,2018-10-01 19:04:13
u01186,app,2018-10-01 19:04:21
u00193,app,2018-10-01 19:05:10
u00794,search,2018-10-01 19:06:22
u01580,search,2018-10-01 19:08:03
u01671,ad,2018-10-01 19:08:42
u01595,app,2018-10-01 19:09:31
u01979,app,2018-10-01 19:09:50
u00809,search,2018-10-01 19:10:52
u01207,ad,2018-10-01 19:12:57
u00121,search,2018-10-01 19:13:54
u01080,app,2018-10-01 19:14:22
u00571,search,2018-10-01 19:14:47
u00530,app,2018-10-01 19:15:30
u00978,app,2018-10-01 19:16:14
u01124,ad,2018-10-01 19:18:04
u00242,app,2018-10-01 19:19:13
u01812,search,2018-10-01 19:20:51
u01816,app,2018-10-01 19:21:50
u00410,app,2018-10-01 19:22:18
u00709,app,2018-10-01 19:23:25
u01509,app,2018-10-01 19:23:28
u00596,search,2018-10-01 19:26:33
u00319,app,2018-10-01 19:26:36
u01424,search,2018-10-01 19:27:19
u00990,app,2018-10-01 19:28:07
u00523,app,2018-10-01 19:30:54
u01939,app,2018-10-01 19:31:01
u00337,app,2018-10-01 19:32:41
u00698,search,2018-10-01 19:32:45
u01400,ad,2018-10-01 19:34:25
u01359,app,2018-10-01 19:34:46
u01403,ad,2018-10-01 19:35:02
u00435,app,2018-10-01 19:35:31
u01193,app,2018-10-01 19:35:47
u00956,app,2018-10-01 19:36:28
u00765,app,2018-10-01 19:36:30
u01727,app,2018-10-01 19:36:39
u01067,ad,2018-10-01 19:36:54
u01112,app,2018-10-01 19:41:46
u01765,app,2018-10-01 19:43:23
u01531,ad,2018-10-01 19:43:34
u01886,app,2018-10-01 19:44:54
u01441,app,2018-10-01 19:45:23
u01040,app,2018-10-01 19:45:33
u00567,ad,2018-10-01 19:45:59
u01012,ad,2018-10-01 19:46:35
u01018,search,2018-10-01 19:47:20
u00578,app,2018-10-01 19:50:35
u01478,app,2018-10-01 19:51:08
u00102,search,2018-10-01 19:53:21
u00518,app,2018-10-01 19:54:28
u00265,app,2018-10-01 19:55:32
u01044,search,2018-10-01 19:55:54
u00816,app,2018-10-01 19:56:05
u01572,search,2018-10-01 19:56:18
u01790,app,2018-10-01 19:58:03
u00874,app,2018-10-01 19:58:22
u00012,search,2018-10-01 19:58:53
u00696,app,2018-10-01 19:58:58
u00837,search,2018-10-01 19:59:37
u01409,app,2018-10-01 19:59:57
u00557,app,2018-10-01 20:00:07
u01751,ad,2018-10-01 20:03:58
u00436,search,2018-10-01 20:04:01
u01516,app,2018-10-01 20:04:28
u00183,search,2018-10-01 20:05:10
u01482,ad,2018-10-01 20:05:16
u00023,app,2018-10-01 20:06:41
u01137,ad,2018-10-01 20:06:42
u00594,search,2018-10-01 20:07:36
u00678,ad,2018-10-01 20:07:38
u01659,app,2018-10-01 20:07:52
u00295,search,2018-10-01 20:08:06
u00733,app,2018-10-01 20:08:58
u00593,app,2018-10-01 20:09:25
u01026,app,2018-10-01 20:09:45
u01294,ad,2018-10-01 20:10:07
u01855,ad,2018-10-01 20:10:33
u00091,app,2018-10-01 20:10:51
u00228,app,2018-10-01 20:11:41
u01423,ad,2018-10-01 20:14:57
u00776,search,2018-10-01 20:15:25
u01924,app,2018-10-01 20:16:17
u00430,app,2018-10-01 20:16:50
u00334,app,2018-10-01 20:19:38
u01233,ad,2018-10-01 20:19:49
u00920,ad,2018-10-01 20:21:50
u01826,ad,2018-10-01 20:22:49
u00705,app,2018-10-01 20:23:41
u00811,search,2018-10-01 20:27:00
u01653,app,2018-10-01 20:28:27
u01291,app,2018-10-01 20:31:26
u01496,search,2018-10-01 20:31:33
u00346,app,2018-10-01 20:31:54
u01321,app,2018-10-01 20:32:29
u01304,app,2018-10-01 20:32:51
u00406,app,2018-10-01 20:32:56
u00501,search,2018-10-01 20:35:25
u01388,app,2018-10-01 20:36:08
u00338,app,2018-10-01 20:38:06
u00418,ad,2018-10-01 20:38:56
u00604,search,2018-10-01 20:40:33
u01767,ad,2018-10-01 20:40:53
u01709,app,2018-10-01 20:41:11
u00914,app,2018-10-01 20:45:02
u01640,ad,2018-10-01 20:46:26
u00280,app,2018-10-01 20:46:42
u00738,ad,2018-10-01 20:48:08
u00775,search,2018-10-01 20:49:39
u00066,search,2018-10-01 20:51:17
u01495,search,2018-10-01 20:53:21
u01151,app,2018-10-01 20:54:44
u01917,search,2018-10-01 20:55:46
u01736,app,2018-10-01 20:57:24
u01530,app,2018-10-01 20:57:55
u00997,ad,2018-10-01 20:58:16
u01707,ad,2018-10-01 20:58:47
u00311,ad,2018-10-01 20:58:51
u01001,ad,2018-10-01 20:59:12
u01243,search,2018-10-01 20:59:28
u01913,app,2018-10-01 20:59:48
u01652,search,2018-10-01 21:00:43
u00298,app,2018-10-01 21:00:49
u01743,app,2018-10-01 21:00:52
u01111,search,2018-10-01 21:02:40
u01086,app,2018-10-01 21:07:05
u00109,app,2018-10-01 21:08:18
u01232,app,2018-10-01 21:08:26
u01699,app,2018-10-01 21:08:40
u01729,app,2018-10-01 21:11:12
u01298,search,2018-10-01 21:14:43
u01989,app,2018-10-01 21:15:16
u01906,app,2018-10-01 21:15:48
u00958,app,2018-10-01 21:16:34
u01501,app,2018-10-01 21:21:07
u01592,app,2018-10-01 21:22:15
u00782,app,2018-10-01 21:23:40
u01764,app,2018-10-01 21:25:55
u00089,app,2018-10-01 21:29:49
u00805,app,2018-10-01 21:32:04
u00605,app,2018-10-01 21:33:57
u00236,app,2018-10-01 21:35:52
u00672,ad,2018-10-01 21:37:14
u01525,app,2018-10-01 21:37:16
u00362,search,2018-10-01 21:41:58
u01293,app,2018-10-01 21:42:00
u00044,search,2018-10-01 21:42:20
u00753,app,2018-10-01 21:44:36
u01591,search,2018-10-01 21:46:54
u00896,app,2018-10-01 21:49:00
u01940,app,2018-10-01 21:49:44
u00046,search,2018-10-01 21:50:10
u01266,app,2018-10-01 21:51:53
u01481,ad,2018-10-01 21:52:02
u01154,app,2018-10-01 21:56:43
u00925,search,2018-10-01 21:57:25
u00420,app,2018-10-01 21:58:35
u00380,search,2018-10-01 22:00:20
u00478,app,2018-10-01 22:00:56
u00191,search,2018-10-01 22:04:07
u00332,ad,2018-10-01 22:07:29
u00930,app,2018-10-01 22:14:03
u01783,ad,2018-10-01 22:14:15
u00642,app,2018-10-01 22:15:50
u00822,app,2018-10-01 22:16:39
u01499,ad,2018-10-01 22:21:46
u01106,app,2018-10-01 22:24:29
u01475,app,2018-10-01 22:25:04
u00553,ad,2018-10-01 22:25:24
u00760,search,2018-10-01 22:26:03
u01094,app,2018-10-01 22:29:53
u01644,app,2018-10-01 22:30:05
u00306,app,2018-10-01 22:31:38
u00403,ad,2018-10-01 22:34:41
u01795,app,2018-10-01 22:36:51
u01712,search,2018-10-01 22:55:00
u00717,app,2018-10-01 23:05:27
u00326,app,2018-10-01 23:09:49
u00646,app,2018-10-01 23:11:55
u01254,ad,2018-10-01 23:15:08
u01033,app,2018-10-01 23:22:47
u01292,app,2018-10-01 23:26:23
u00284,ad,2018-10-01 23:27:10
u00292,app,2018-10-01 23:28:01
