user_id,item_id,price,timestamp
u00934,item03,100,2018-09-30 19:11:22
u00934,item04,100,2018-09-30 19:11:22
u00934,item05,100,2018-09-30 19:11:22
u01865,item02,100,2018-09-30 20:14:21
u01865,item04,100,2018-09-30 20:14:21
u00615,item02,100,2018-09-30 20:41:43
u00824,item01,100,2018-09-30 20:43:38
u00654,item02,100,2018-09-30 21:17:46
u00654,item04,100,2018-09-30 21:17:46
u01101,item01,100,2018-09-30 21:21:47
u01101,item02,100,2018-09-30 21:21:47
u01101,item03,100,2018-09-30 21:21:47
u01101,item05,100,2018-09-30 21:21:47
u01101,item08,200,2018-09-30 21:21:47
u00801,item01,100,2018-09-30 21:21:50
u00801,item03,100,2018-09-30 21:21:50
u01662,item02,100,2018-09-30 21:22:22
u01662,item03,100,2018-09-30 21:22:22
u00625,item01,100,2018-09-30 21:25:26
u00625,item03,100,2018-09-30 21:25:26
u00625,item04,100,2018-09-30 21:25:26
u01624,item01,100,2018-09-30 21:29:35
u01624,item05,100,2018-09-30 21:29:35
u01880,item04,100,2018-09-30 21:34:59
u00011,item02,100,2018-09-30 21:43:34
u00011,item04,100,2018-09-30 21:43:34
u01960,item02,100,2018-09-30 22:18:02
u01960,item03,100,2018-09-30 22:18:02
u01451,item01,100,2018-09-30 22:19:28
u01451,item02,100,2018-09-30 22:19:28
u00255,item01,100,2018-09-30 22:32:40
u00255,item03,100,2018-09-30 22:32:40
u00255,item04,100,2018-09-30 22:32:40
u01458,item01,100,2018-09-30 22:36:02
u01458,item02,100,2018-09-30 22:36:02
u01458,item03,100,2018-09-30 22:36:02
u01458,item06,200,2018-09-30 22:36:02
u01253,item05,100,2018-09-30 22:47:14
u00070,item02,100,2018-09-30 22:50:43
u00070,item03,100,2018-09-30 22:50:43
u00070,item05,100,2018-09-30 22:50:43
u00275,item03,100,2018-09-30 22:54:04
u00275,item06,200,2018-09-30 22:54:04
u01331,item01,100,2018-09-30 22:54:39
u01331,item02,100,2018-09-30 22:54:39
u01331,item05,100,2018-09-30 22:54:39
u00387,item03,100,2018-09-30 23:00:16
u00387,item05,100,2018-09-30 23:00:16
u00559,item03,100,2018-09-30 23:03:18
u01096,item05,100,2018-09-30 23:04:06
u01096,item06,200,2018-09-30 23:04:06
u01770,NA,NA,NA
u01768,item02,100,2018-09-30 23:07:49
u01768,item03,100,2018-09-30 23:07:49
u01248,item02,100,2018-09-30 23:08:54
u00761,item04,100,2018-09-30 23:13:27
u00761,item05,100,2018-09-30 23:13:27
u00761,item06,200,2018-09-30 23:13:27
u01180,item02,100,2018-09-30 23:18:50
u01180,item04,100,2018-09-30 23:18:50
u00664,item04,100,2018-09-30 23:30:22
u00368,item03,100,2018-09-30 23:39:45
u00368,item05,100,2018-09-30 23:39:45
u00938,item01,100,2018-09-30 23:44:34
u01818,item01,100,2018-09-30 23:46:10
u01818,item05,100,2018-09-30 23:46:10
u01258,item03,100,2018-10-01 00:09:21
u01031,item01,100,2018-10-01 00:12:55
u00704,NA,NA,NA
u01851,item03,100,2018-10-01 00:27:50
u01851,item05,100,2018-10-01 00:27:50
u01685,item03,100,2018-10-01 00:29:13
u00491,item01,100,2018-10-01 00:33:28
u00491,item03,100,2018-10-01 00:33:28
u00491,item04,100,2018-10-01 00:33:28
u01099,item02,100,2018-10-01 00:44:24
u00141,item05,100,2018-10-01 00:44:56
u01463,NA,NA,NA
u01282,item01,100,2018-10-01 00:51:03
u01282,item03,100,2018-10-01 00:51:03
u00537,item02,100,2018-10-01 01:02:55
u00537,item05,100,2018-10-01 01:02:55
u01316,item01,100,2018-10-01 01:05:55
u01316,item04,100,2018-10-01 01:05:55
u01054,item01,100,2018-10-01 01:08:13
u01054,item05,100,2018-10-01 01:08:13
u01450,item04,100,2018-10-01 01:13:20
u01227,item04,100,2018-10-01 01:13:33
u01825,item01,100,2018-10-01 01:17:05
u01825,item05,100,2018-10-01 01:17:05
u00059,item01,100,2018-10-01 01:17:40
u00059,item05,100,2018-10-01 01:17:40
u01203,item02,100,2018-10-01 01:19:38
u00001,item01,100,2018-10-01 01:24:17
u01375,item02,100,2018-10-01 01:25:03
u01375,item03,100,2018-10-01 01:25:03
u00065,item03,100,2018-10-01 01:32:55
u00065,item05,100,2018-10-01 01:32:55
u01576,item02,100,2018-10-01 01:35:11
u01723,item01,100,2018-10-01 01:38:12
u01723,item02,100,2018-10-01 01:38:12
u01512,item02,100,2018-10-01 01:42:43
u01512,item03,100,2018-10-01 01:42:43
u01512,item05,100,2018-10-01 01:42:43
u01696,item01,100,2018-10-01 01:43:32
u01573,item02,100,2018-10-01 01:52:06
u00946,item01,100,2018-10-01 01:54:50
u00946,item02,100,2018-10-01 01:54:50
u00946,item04,100,2018-10-01 01:54:50
u00946,item05,100,2018-10-01 01:54:50
u00247,item01,100,2018-10-01 01:56:11
u00247,item04,100,2018-10-01 01:56:11
u01314,item02,100,2018-10-01 01:56:35
u01157,item02,100,2018-10-01 02:00:07
u01157,item04,100,2018-10-01 02:00:07
u00209,item03,100,2018-10-01 02:08:59
u00209,item05,100,2018-10-01 02:08:59
u00347,item01,100,2018-10-01 02:14:36
u00347,item04,100,2018-10-01 02:14:36
u01508,item02,100,2018-10-01 02:17:40
u01508,item05,100,2018-10-01 02:17:40
u01680,item04,100,2018-10-01 02:19:59
u01588,item02,100,2018-10-01 02:23:05
u01588,item03,100,2018-10-01 02:23:05
u01588,item05,100,2018-10-01 02:23:05
u00616,item02,100,2018-10-01 02:26:57
u00616,item04,100,2018-10-01 02:26:57
u00616,item05,100,2018-10-01 02:26:57
u01570,item01,100,2018-10-01 02:31:01
u01570,item04,100,2018-10-01 02:31:01
u01570,item06,200,2018-10-01 02:31:01
u00878,item05,100,2018-10-01 02:44:31
u01480,item02,100,2018-10-01 02:44:46
u01975,item01,100,2018-10-01 02:45:20
u01975,item05,100,2018-10-01 02:45:20
u00446,item02,100,2018-10-01 02:50:09
u00446,item03,100,2018-10-01 02:50:09
u01184,item01,100,2018-10-01 02:50:56
u01194,item01,100,2018-10-01 02:56:40
u01194,item05,100,2018-10-01 02:56:40
u01616,item01,100,2018-10-01 03:04:44
u01616,item05,100,2018-10-01 03:04:44
u00223,item03,100,2018-10-01 03:07:31
u00223,item05,100,2018-10-01 03:07:31
u00223,item09,200,2018-10-01 03:07:31
u00668,item01,100,2018-10-01 03:10:07
u00416,item01,100,2018-10-01 03:11:34
u00155,item05,100,2018-10-01 03:11:39
u01257,item01,100,2018-10-01 03:20:36
u01257,item05,100,2018-10-01 03:20:36
u00071,item03,100,2018-10-01 03:30:02
u00071,item05,100,2018-10-01 03:30:02
u01962,item01,100,2018-10-01 03:34:49
u01446,item02,100,2018-10-01 03:41:05
u01446,item03,100,2018-10-01 03:41:05
u01718,item01,100,2018-10-01 03:41:41
u01718,item02,100,2018-10-01 03:41:41
u01071,item04,100,2018-10-01 03:45:02
u00670,item04,100,2018-10-01 03:45:29
u00670,item05,100,2018-10-01 03:45:29
u01453,item03,100,2018-10-01 03:49:14
u01453,item04,100,2018-10-01 03:49:14
u00774,item03,100,2018-10-01 03:54:11
u00774,item05,100,2018-10-01 03:54:11
u00774,item06,200,2018-10-01 03:54:11
u01002,item01,100,2018-10-01 04:04:40
u01002,item03,100,2018-10-01 04:04:40
u01002,item05,100,2018-10-01 04:04:40
u00119,item02,100,2018-10-01 04:06:00
u00119,item04,100,2018-10-01 04:06:00
u00119,item05,100,2018-10-01 04:06:00
u01489,item01,100,2018-10-01 04:06:59
u01489,item03,100,2018-10-01 04:06:59
u01177,item01,100,2018-10-01 04:14:20
u01177,item02,100,2018-10-01 04:14:20
u00660,item03,100,2018-10-01 04:23:11
u00067,item05,100,2018-10-01 04:23:51
u01147,item02,100,2018-10-01 04:29:46
u01147,item04,100,2018-10-01 04:29:46
u01147,item05,100,2018-10-01 04:29:46
u00372,item01,100,2018-10-01 04:32:46
u00372,item02,100,2018-10-01 04:32:46
u00372,item09,200,2018-10-01 04:32:46
u01660,item01,100,2018-10-01 04:33:41
u01660,item03,100,2018-10-01 04:33:41
u01660,item04,100,2018-10-01 04:33:41
u01660,item05,100,2018-10-01 04:33:41
u01339,item01,100,2018-10-01 04:35:09
u01339,item04,100,2018-10-01 04:35:09
u01339,item05,100,2018-10-01 04:35:09
u01339,item06,200,2018-10-01 04:35:09
u01468,item02,100,2018-10-01 04:38:34
u01468,item03,100,2018-10-01 04:38:34
u01468,item04,100,2018-10-01 04:38:34
u01839,item04,100,2018-10-01 04:40:50
u01839,item05,100,2018-10-01 04:40:50
u00099,item02,100,2018-10-01 04:44:09
u00099,item03,100,2018-10-01 04:44:09
u00099,item05,100,2018-10-01 04:44:09
u00099,item06,200,2018-10-01 04:44:09
u01619,item04,100,2018-10-01 04:49:20
u00479,item01,100,2018-10-01 04:50:10
u00479,item05,100,2018-10-01 04:50:10
u00218,item02,100,2018-10-01 04:55:44
u01005,item02,100,2018-10-01 04:56:01
u01005,item03,100,2018-10-01 04:56:01
u00857,item05,100,2018-10-01 04:58:40
u01952,item01,100,2018-10-01 04:58:53
u00198,item05,100,2018-10-01 05:00:59
u00830,item02,100,2018-10-01 05:03:55
u00830,item03,100,2018-10-01 05:03:55
u00830,item08,200,2018-10-01 05:03:55
u00840,item02,100,2018-10-01 05:04:19
u00840,item03,100,2018-10-01 05:04:19
u00324,item03,100,2018-10-01 05:12:25
u01284,item01,100,2018-10-01 05:14:18
u01284,item03,100,2018-10-01 05:14:18
u01284,item05,100,2018-10-01 05:14:18
u00270,item01,100,2018-10-01 05:16:26
u00270,item03,100,2018-10-01 05:16:26
u00270,item05,100,2018-10-01 05:16:26
u00542,item01,100,2018-10-01 05:19:51
u00542,item02,100,2018-10-01 05:19:51
u00542,item04,100,2018-10-01 05:19:51
u00742,item04,100,2018-10-01 05:20:43
u00742,item10,200,2018-10-01 05:20:43
u01909,item01,100,2018-10-01 05:21:29
u01972,item01,100,2018-10-01 05:32:28
u01972,item03,100,2018-10-01 05:32:28
u01972,item04,100,2018-10-01 05:32:28
u01097,item01,100,2018-10-01 05:35:04
u01097,item03,100,2018-10-01 05:35:04
u01097,item04,100,2018-10-01 05:35:04
u00641,item01,100,2018-10-01 05:35:45
u00641,item05,100,2018-10-01 05:35:45
u01537,item04,100,2018-10-01 05:36:06
u01537,item05,100,2018-10-01 05:36:06
u00573,item05,100,2018-10-01 05:37:58
u00741,item02,100,2018-10-01 05:38:25
u00741,item03,100,2018-10-01 05:38:25
u00965,item04,100,2018-10-01 05:41:29
u00897,item01,100,2018-10-01 05:43:49
u01191,item01,100,2018-10-01 05:47:23
u01428,item03,100,2018-10-01 05:53:07
u00200,item03,100,2018-10-01 05:54:29
u00157,item04,100,2018-10-01 06:01:43
u00085,item01,100,2018-10-01 06:02:25
u00085,item02,100,2018-10-01 06:02:25
u00399,item04,100,2018-10-01 06:06:54
u00399,item09,200,2018-10-01 06:06:54
u01192,item01,100,2018-10-01 06:07:39
u01192,item03,100,2018-10-01 06:07:39
u00715,item02,100,2018-10-01 06:12:16
u00715,item08,200,2018-10-01 06:12:16
u01204,item02,100,2018-10-01 06:15:25
u01204,item03,100,2018-10-01 06:15:25
u01389,item03,100,2018-10-01 06:15:34
u00744,item01,100,2018-10-01 06:24:24
u00744,item03,100,2018-10-01 06:24:24
u00744,item04,100,2018-10-01 06:24:24
u00948,item01,100,2018-10-01 06:28:41
u00948,item03,100,2018-10-01 06:28:41
u01603,item01,100,2018-10-01 06:29:13
u01603,item02,100,2018-10-01 06:29:13
u01603,item03,100,2018-10-01 06:29:13
u01603,item04,100,2018-10-01 06:29:13
u01603,item07,200,2018-10-01 06:29:13
u00766,item01,100,2018-10-01 06:32:37
u00766,item03,100,2018-10-01 06:32:37
u00766,item05,100,2018-10-01 06:32:37
u00609,item02,100,2018-10-01 06:34:05
u00609,item04,100,2018-10-01 06:34:05
u00498,item01,100,2018-10-01 06:37:41
u00498,item02,100,2018-10-01 06:37:41
u01879,item03,100,2018-10-01 06:39:56
u00132,item02,100,2018-10-01 06:40:02
u01973,item02,100,2018-10-01 06:40:49
u01973,item05,100,2018-10-01 06:40:49
u00848,item02,100,2018-10-01 06:48:15
u00848,item05,100,2018-10-01 06:48:15
u01209,item02,100,2018-10-01 06:50:00
u01891,item01,100,2018-10-01 06:54:55
u01084,item03,100,2018-10-01 07:01:45
u01084,item05,100,2018-10-01 07:01:45
u01948,item02,100,2018-10-01 07:11:24
u01948,item04,100,2018-10-01 07:11:24
u01948,item05,100,2018-10-01 07:11:24
u01615,item03,100,2018-10-01 07:11:46
u01615,item05,100,2018-10-01 07:11:46
u00049,item02,100,2018-10-01 07:13:21
u01731,item02,100,2018-10-01 07:16:15
u01731,item04,100,2018-10-01 07:16:15
u01070,item02,100,2018-10-01 07:19:04
u01070,item05,100,2018-10-01 07:19:04
u01014,item04,100,2018-10-01 07:22:05
u01014,item05,100,2018-10-01 07:22:05
u01350,item02,100,2018-10-01 07:22:05
u01350,item03,100,2018-10-01 07:22:05
u01350,item05,100,2018-10-01 07:22:05
u01011,item04,100,2018-10-01 07:23:37
u01351,item01,100,2018-10-01 07:24:32
u01351,item03,100,2018-10-01 07:24:32
u01351,item04,100,2018-10-01 07:24:32
u01651,item04,100,2018-10-01 07:29:04
u01651,item05,100,2018-10-01 07:29:04
u00808,item03,100,2018-10-01 07:29:32
u00808,item05,100,2018-10-01 07:29:32
u00808,item06,200,2018-10-01 07:29:32
u00773,item03,100,2018-10-01 07:31:46
u00773,item04,100,2018-10-01 07:31:46
u01914,item01,100,2018-10-01 07:33:02
u01914,item02,100,2018-10-01 07:33:02
u01459,item01,100,2018-10-01 07:34:32
u01459,item03,100,2018-10-01 07:34:32
u00655,item01,100,2018-10-01 07:36:36
u00655,item03,100,2018-10-01 07:36:36
u00655,item10,200,2018-10-01 07:36:36
u01317,item05,100,2018-10-01 07:37:29
u00289,item03,100,2018-10-01 07:41:10
u00751,item01,100,2018-10-01 07:42:59
u00751,item02,100,2018-10-01 07:42:59
u01150,item01,100,2018-10-01 07:43:28
u01150,item05,100,2018-10-01 07:43:28
u00488,item01,100,2018-10-01 07:45:43
u00488,item02,100,2018-10-01 07:45:43
u01620,item02,100,2018-10-01 07:52:41
u00884,item03,100,2018-10-01 07:54:57
u00884,item04,100,2018-10-01 07:54:57
u01734,item01,100,2018-10-01 07:57:08
u01734,item02,100,2018-10-01 07:57:08
u01734,item03,100,2018-10-01 07:57:08
u01110,item02,100,2018-10-01 07:59:19
u01110,item04,100,2018-10-01 07:59:19
u01110,item05,100,2018-10-01 07:59:19
u01841,item01,100,2018-10-01 08:00:49
u01455,item01,100,2018-10-01 08:02:08
u01455,item02,100,2018-10-01 08:02:08
u01455,item03,100,2018-10-01 08:02:08
u01455,item04,100,2018-10-01 08:02:08
u00933,item03,100,2018-10-01 08:06:56
u00933,item05,100,2018-10-01 08:06:56
u00610,item02,100,2018-10-01 08:07:32
u00610,item03,100,2018-10-01 08:07:32
u00610,item05,100,2018-10-01 08:07:32
u00610,item09,200,2018-10-01 08:07:32
u00328,item01,100,2018-10-01 08:08:14
u00598,item02,100,2018-10-01 08:10:44
u00598,item03,100,2018-10-01 08:10:44
u00221,item01,100,2018-10-01 08:11:30
u00221,item02,100,2018-10-01 08:11:30
u00755,item01,100,2018-10-01 08:11:33
u01182,item01,100,2018-10-01 08:11:59
u01732,item02,100,2018-10-01 08:12:03
u01732,item04,100,2018-10-01 08:12:03
u01447,item02,100,2018-10-01 08:18:25
u01447,item05,100,2018-10-01 08:18:25
u00915,item02,100,2018-10-01 08:20:24
u00889,item01,100,2018-10-01 08:22:26
u00889,item04,100,2018-10-01 08:22:26
u00889,item05,100,2018-10-01 08:22:26
u01053,item04,100,2018-10-01 08:26:28
u01966,item02,100,2018-10-01 08:34:12
u01041,item05,100,2018-10-01 08:37:30
u01328,item01,100,2018-10-01 08:38:10
u00702,item01,100,2018-10-01 08:38:25
u00702,item02,100,2018-10-01 08:38:25
u00702,item04,100,2018-10-01 08:38:25
u01594,item01,100,2018-10-01 08:40:21
u01594,item03,100,2018-10-01 08:40:21
u00348,item01,100,2018-10-01 08:42:05
u00348,item05,100,2018-10-01 08:42:05
u01911,item02,100,2018-10-01 08:43:13
u01911,item05,100,2018-10-01 08:43:13
u00144,item01,100,2018-10-01 08:44:41
u00144,item03,100,2018-10-01 08:44:41
u01717,item03,100,2018-10-01 08:46:59
u01717,item04,100,2018-10-01 08:46:59
u01897,item03,100,2018-10-01 08:48:58
u01897,item04,100,2018-10-01 08:48:58
u01897,item05,100,2018-10-01 08:48:58
u00989,item04,100,2018-10-01 08:49:07
u00989,item05,100,2018-10-01 08:49:07
u00936,item05,100,2018-10-01 09:01:40
u01807,NA,NA,NA
u00054,item02,100,2018-10-01 09:08:12
u00054,item05,100,2018-10-01 09:08:12
u01735,item03,100,2018-10-01 09:20:59
u01735,item05,100,2018-10-01 09:20:59
u00731,item01,100,2018-10-01 09:21:48
u01862,item01,100,2018-10-01 09:23:21
u01862,item02,100,2018-10-01 09:23:21
u01862,item03,100,2018-10-01 09:23:21
u01862,item04,100,2018-10-01 09:23:21
u01862,item05,100,2018-10-01 09:23:21
u01697,item02,100,2018-10-01 09:24:23
u01310,item02,100,2018-10-01 09:27:10
u00987,item01,100,2018-10-01 09:27:10
u00987,item02,100,2018-10-01 09:27:10
u00987,item05,100,2018-10-01 09:27:10
u00987,item10,200,2018-10-01 09:27:10
u01984,item02,100,2018-10-01 09:28:03
u01984,item05,100,2018-10-01 09:28:03
u01984,item06,200,2018-10-01 09:28:03
u00779,item05,100,2018-10-01 09:31:43
u01895,item01,100,2018-10-01 09:34:55
u01895,item03,100,2018-10-01 09:34:55
u01046,item02,100,2018-10-01 09:35:53
u01046,item03,100,2018-10-01 09:35:53
u00544,item02,100,2018-10-01 09:45:39
u00544,item03,100,2018-10-01 09:45:39
u00544,item05,100,2018-10-01 09:45:39
u00544,item08,200,2018-10-01 09:45:39
u00658,item03,100,2018-10-01 09:46:37
u00658,item05,100,2018-10-01 09:46:37
u00658,item07,200,2018-10-01 09:46:37
u00853,item05,100,2018-10-01 09:50:30
u00992,item03,100,2018-10-01 09:50:35
u00998,item03,100,2018-10-01 09:51:25
u01503,item03,100,2018-10-01 09:52:09
u01503,item04,100,2018-10-01 09:52:09
u01503,item05,100,2018-10-01 09:52:09
u00907,item04,100,2018-10-01 09:53:03
u00907,item05,100,2018-10-01 09:53:03
u00975,item01,100,2018-10-01 09:54:09
u00975,item04,100,2018-10-01 09:54:09
u00212,item03,100,2018-10-01 09:54:44
u00212,item04,100,2018-10-01 09:54:44
u00358,item01,100,2018-10-01 09:57:38
u00358,item02,100,2018-10-01 09:57:38
u01789,item04,100,2018-10-01 10:01:18
u01533,item01,100,2018-10-01 10:02:53
u01533,item03,100,2018-10-01 10:02:53
u01533,item06,200,2018-10-01 10:02:53
u01930,item03,100,2018-10-01 10:04:48
u01930,item04,100,2018-10-01 10:04:48
u00034,item01,100,2018-10-01 10:07:17
u00034,item02,100,2018-10-01 10:07:17
u00034,item05,100,2018-10-01 10:07:17
u00885,item01,100,2018-10-01 10:08:06
u00885,item04,100,2018-10-01 10:08:06
u00552,item02,100,2018-10-01 10:08:34
u00552,item04,100,2018-10-01 10:08:34
u00552,item07,200,2018-10-01 10:08:34
u01689,item01,100,2018-10-01 10:10:46
u00456,item01,100,2018-10-01 10:10:46
u00456,item04,100,2018-10-01 10:10:46
u01259,item01,100,2018-10-01 10:12:17
u01259,item04,100,2018-10-01 10:12:17
u01259,item05,100,2018-10-01 10:12:17
u01369,item04,100,2018-10-01 10:15:45
u00252,item03,100,2018-10-01 10:17:56
u00804,item04,100,2018-10-01 10:20:49
u00804,item05,100,2018-10-01 10:20:49
u00112,item03,100,2018-10-01 10:25:28
u00112,item04,100,2018-10-01 10:25:28
u01075,item01,100,2018-10-01 10:29:23
u01075,item04,100,2018-10-01 10:29:23
u01536,item01,100,2018-10-01 10:31:56
u01536,item03,100,2018-10-01 10:31:56
u01536,item09,200,2018-10-01 10:31:56
u01364,item01,100,2018-10-01 10:38:20
u01364,item02,100,2018-10-01 10:38:20
u00991,item01,100,2018-10-01 10:44:06
u00991,item03,100,2018-10-01 10:44:06
u00991,item04,100,2018-10-01 10:44:06
u00991,item05,100,2018-10-01 10:44:06
u01950,item04,100,2018-10-01 10:46:51
u01950,item05,100,2018-10-01 10:46:51
u00551,item01,100,2018-10-01 10:46:57
u00551,item03,100,2018-10-01 10:46:57
u00161,item02,100,2018-10-01 10:48:25
u00161,item05,100,2018-10-01 10:48:25
u01981,item03,100,2018-10-01 10:49:27
u00424,item05,100,2018-10-01 10:50:12
u00734,item04,100,2018-10-01 10:54:26
u00734,item05,100,2018-10-01 10:54:26
u00683,item02,100,2018-10-01 10:56:11
u01687,item01,100,2018-10-01 10:56:37
u01687,item03,100,2018-10-01 10:56:37
u01687,item05,100,2018-10-01 10:56:37
u00703,item02,100,2018-10-01 10:57:46
u00802,item04,100,2018-10-01 11:01:33
u01223,item01,100,2018-10-01 11:01:41
u01223,item03,100,2018-10-01 11:01:41
u00953,item02,100,2018-10-01 11:02:14
u00953,item05,100,2018-10-01 11:02:14
u00205,item03,100,2018-10-01 11:02:33
u00205,item04,100,2018-10-01 11:02:33
u00205,item05,100,2018-10-01 11:02:33
u00747,item02,100,2018-10-01 11:02:54
u00747,item04,100,2018-10-01 11:02:54
u00153,item02,100,2018-10-01 11:03:31
u00153,item08,200,2018-10-01 11:03:31
u00126,item03,100,2018-10-01 11:06:08
u01871,item02,100,2018-10-01 11:12:37
u01871,item05,100,2018-10-01 11:12:37
u01753,item02,100,2018-10-01 11:12:58
u01753,item04,100,2018-10-01 11:12:58
u00532,item01,100,2018-10-01 11:14:05
u00532,item03,100,2018-10-01 11:14:05
u00532,item04,100,2018-10-01 11:14:05
u01675,item01,100,2018-10-01 11:16:25
u00449,item01,100,2018-10-01 11:17:25
u00180,item05,100,2018-10-01 11:19:00
u00505,item01,100,2018-10-01 11:21:28
u00505,item04,100,2018-10-01 11:21:28
u01385,item03,100,2018-10-01 11:23:33
u01385,item05,100,2018-10-01 11:23:33
u00540,item02,100,2018-10-01 11:24:23
u00540,item04,100,2018-10-01 11:24:23
u01957,item04,100,2018-10-01 11:24:24
u01957,item05,100,2018-10-01 11:24:24
u01957,item10,200,2018-10-01 11:24:24
u00062,item01,100,2018-10-01 11:24:54
u00062,item04,100,2018-10-01 11:24:54
u00417,item01,100,2018-10-01 11:30:46
u00417,item04,100,2018-10-01 11:30:46
u00931,item01,100,2018-10-01 11:33:58
u00931,item05,100,2018-10-01 11:33:58
u00402,item02,100,2018-10-01 11:38:02
u01814,item02,100,2018-10-01 11:38:49
u01814,item05,100,2018-10-01 11:38:49
u00847,item01,100,2018-10-01 11:40:33
u00847,item03,100,2018-10-01 11:40:33
u00847,item05,100,2018-10-01 11:40:33
u00895,item05,100,2018-10-01 11:44:16
u00895,item07,200,2018-10-01 11:44:16
u01281,item01,100,2018-10-01 11:47:39
u01281,item05,100,2018-10-01 11:47:39
u01805,item03,100,2018-10-01 11:51:01
u01805,item05,100,2018-10-01 11:51:01
u00701,item03,100,2018-10-01 11:51:58
u00701,item04,100,2018-10-01 11:51:58
u00138,item02,100,2018-10-01 11:56:49
u00138,item05,100,2018-10-01 11:56:49
u01543,item01,100,2018-10-01 12:02:11
u01543,item05,100,2018-10-01 12:02:11
u01543,item06,200,2018-10-01 12:02:11
u00042,item01,100,2018-10-01 12:07:44
u00042,item03,100,2018-10-01 12:07:44
u00720,item02,100,2018-10-01 12:08:18
u00720,item05,100,2018-10-01 12:08:18
u01628,item02,100,2018-10-01 12:09:59
u01628,item04,100,2018-10-01 12:09:59
u01628,item10,200,2018-10-01 12:09:59
u01431,item01,100,2018-10-01 12:10:03
u01126,item02,100,2018-10-01 12:13:46
u01126,item04,100,2018-10-01 12:13:46
u01412,item02,100,2018-10-01 12:16:36
u01412,item03,100,2018-10-01 12:16:36
u01412,item05,100,2018-10-01 12:16:36
u01412,item07,200,2018-10-01 12:16:36
u00618,item03,100,2018-10-01 12:17:59
u00190,item02,100,2018-10-01 12:18:14
u00190,item03,100,2018-10-01 12:18:14
u00139,item01,100,2018-10-01 12:21:08
u00139,item02,100,2018-10-01 12:21:08
u00139,item04,100,2018-10-01 12:21:08
u01185,item02,100,2018-10-01 12:26:35
u01185,item03,100,2018-10-01 12:26:35
u01360,item02,100,2018-10-01 12:29:35
u01360,item05,100,2018-10-01 12:29:35
u01853,item02,100,2018-10-01 12:30:35
u01639,item02,100,2018-10-01 12:34:49
u01639,item04,100,2018-10-01 12:34:49
u01639,item10,200,2018-10-01 12:34:49
u00750,item03,100,2018-10-01 12:36:13
u00181,item01,100,2018-10-01 12:43:08
u00181,item03,100,2018-10-01 12:43:08
u00587,item02,100,2018-10-01 12:45:57
u00587,item05,100,2018-10-01 12:45:57
u01955,item02,100,2018-10-01 12:52:07
u01955,item03,100,2018-10-01 12:52:07
u01955,item04,100,2018-10-01 12:52:07
u00472,item01,100,2018-10-01 12:55:35
u00472,item02,100,2018-10-01 12:55:35
u00472,item03,100,2018-10-01 12:55:35
u00235,item03,100,2018-10-01 12:55:38
u01202,item05,100,2018-10-01 12:57:00
u00386,item01,100,2018-10-01 13:00:39
u00386,item03,100,2018-10-01 13:00:39
u00386,item04,100,2018-10-01 13:00:39
u01559,item01,100,2018-10-01 13:04:22
u01559,item02,100,2018-10-01 13:04:22
u01559,item03,100,2018-10-01 13:04:22
u00444,item02,100,2018-10-01 13:09:58
u00444,item03,100,2018-10-01 13:09:58
u00444,item04,100,2018-10-01 13:09:58
u00444,item05,100,2018-10-01 13:09:58
u01498,item01,100,2018-10-01 13:11:57
u01498,item03,100,2018-10-01 13:11:57
u01498,item05,100,2018-10-01 13:11:57
u01498,item10,200,2018-10-01 13:11:57
u01242,item01,100,2018-10-01 13:13:11
u01242,item02,100,2018-10-01 13:13:11
u01434,item01,100,2018-10-01 13:14:10
u01434,item03,100,2018-10-01 13:14:10
u00278,item01,100,2018-10-01 13:19:14
u00278,item03,100,2018-10-01 13:19:14
u00278,item05,100,2018-10-01 13:19:14
u00539,item01,100,2018-10-01 13:20:49
u00539,item04,100,2018-10-01 13:20:49
u00111,item01,100,2018-10-01 13:22:07
u00111,item02,100,2018-10-01 13:22:07
u01528,item02,100,2018-10-01 13:22:55
u01528,item04,100,2018-10-01 13:22:55
u00305,item02,100,2018-10-01 13:23:25
u00305,item03,100,2018-10-01 13:23:25
u00697,item04,100,2018-10-01 13:25:50
u00697,item05,100,2018-10-01 13:25:50
u01247,item05,100,2018-10-01 13:29:01
u01348,item03,100,2018-10-01 13:30:36
u01348,item04,100,2018-10-01 13:30:36
u01283,item01,100,2018-10-01 13:30:56
u01283,item05,100,2018-10-01 13:30:56
u01283,item08,200,2018-10-01 13:30:56
u00768,item01,100,2018-10-01 13:34:05
u00768,item02,100,2018-10-01 13:34:05
u01763,item01,100,2018-10-01 13:34:39
u01763,item05,100,2018-10-01 13:34:39
u00172,item01,100,2018-10-01 13:36:16
u00172,item02,100,2018-10-01 13:36:16
u00172,item03,100,2018-10-01 13:36:16
u00612,item03,100,2018-10-01 13:38:34
u01153,item05,100,2018-10-01 13:41:45
u01571,item05,100,2018-10-01 13:42:39
u01815,NA,NA,NA
u00019,NA,NA,NA
u01013,item01,100,2018-10-01 13:49:06
u00545,item02,100,2018-10-01 13:50:24
u00545,item03,100,2018-10-01 13:50:24
u01776,item03,100,2018-10-01 13:56:34
u01776,item05,100,2018-10-01 13:56:34
u00470,item01,100,2018-10-01 13:58:23
u00470,item02,100,2018-10-01 13:58:23
u00470,item03,100,2018-10-01 13:58:23
u00470,item04,100,2018-10-01 13:58:23
u00244,item03,100,2018-10-01 14:05:30
u01426,item02,100,2018-10-01 14:07:33
u01602,item02,100,2018-10-01 14:13:55
u01602,item04,100,2018-10-01 14:13:55
u00466,item02,100,2018-10-01 14:16:23
u00466,item04,100,2018-10-01 14:16:23
u01792,item01,100,2018-10-01 14:26:45
u01792,item02,100,2018-10-01 14:26:45
u01792,item05,100,2018-10-01 14:26:45
u01792,item06,200,2018-10-01 14:26:45
u01579,item01,100,2018-10-01 14:28:08
u01579,item03,100,2018-10-01 14:28:08
u01579,item05,100,2018-10-01 14:28:08
u01413,item01,100,2018-10-01 14:29:17
u01413,item02,100,2018-10-01 14:29:17
u01413,item03,100,2018-10-01 14:29:17
u01511,item05,100,2018-10-01 14:30:20
u01395,item04,100,2018-10-01 14:31:34
u01395,item10,200,2018-10-01 14:31:34
u01347,item01,100,2018-10-01 14:34:10
u01347,item05,100,2018-10-01 14:34:10
u00972,item04,100,2018-10-01 14:36:30
u00972,item05,100,2018-10-01 14:36:30
u00861,item01,100,2018-10-01 14:45:55
u00861,item02,100,2018-10-01 14:45:55
u00861,item04,100,2018-10-01 14:45:55
u01189,item02,100,2018-10-01 14:46:11
u01772,item02,100,2018-10-01 14:47:13
u01772,item05,100,2018-10-01 14:47:13
u01772,item08,200,2018-10-01 14:47:13
u00908,NA,NA,NA
u00865,item03,100,2018-10-01 14:48:44
u00865,item05,100,2018-10-01 14:48:44
u00865,item10,200,2018-10-01 14:48:44
u01967,item03,100,2018-10-01 14:49:13
u01967,item05,100,2018-10-01 14:49:13
u01049,item03,100,2018-10-01 14:50:21
u00128,item03,100,2018-10-01 14:52:37
u00128,item04,100,2018-10-01 14:52:37
u00892,item01,100,2018-10-01 14:55:50
u01047,item04,100,2018-10-01 15:00:09
u01589,item03,100,2018-10-01 15:00:48
u01589,item04,100,2018-10-01 15:00:48
u01761,item01,100,2018-10-01 15:01:05
u01761,item03,100,2018-10-01 15:01:05
u01813,item02,100,2018-10-01 15:04:51
u01813,item05,100,2018-10-01 15:04:51
u00810,item03,100,2018-10-01 15:08:22
u00810,item04,100,2018-10-01 15:08:22
u01702,item01,100,2018-10-01 15:11:51
u01702,item03,100,2018-10-01 15:11:51
u01702,item05,100,2018-10-01 15:11:51
u00213,item02,100,2018-10-01 15:14:28
u00213,item04,100,2018-10-01 15:14:28
u00213,item05,100,2018-10-01 15:14:28
u00256,item01,100,2018-10-01 15:19:13
u00256,item02,100,2018-10-01 15:19:13
u00256,item03,100,2018-10-01 15:19:13
u00256,item04,100,2018-10-01 15:19:13
u00256,item05,100,2018-10-01 15:19:13
u00079,item02,100,2018-10-01 15:21:18
u00079,item05,100,2018-10-01 15:21:18
u00855,item01,100,2018-10-01 15:24:42
u00855,item05,100,2018-10-01 15:24:42
u00684,item02,100,2018-10-01 15:27:08
u01323,item01,100,2018-10-01 15:28:52
u01323,item05,100,2018-10-01 15:28:52
u00647,item01,100,2018-10-01 15:30:15
u00647,item03,100,2018-10-01 15:30:15
u00647,item08,200,2018-10-01 15:30:15
u01822,item02,100,2018-10-01 15:35:11
u00009,item01,100,2018-10-01 15:38:13
u00009,item02,100,2018-10-01 15:38:13
u00009,item03,100,2018-10-01 15:38:13
u01788,item02,100,2018-10-01 15:49:37
u01788,item03,100,2018-10-01 15:49:37
u01788,item05,100,2018-10-01 15:49:37
u01788,item09,200,2018-10-01 15:49:37
u00163,item02,100,2018-10-01 15:56:25
u00163,item03,100,2018-10-01 15:56:25
u00163,item04,100,2018-10-01 15:56:25
u00163,item07,200,2018-10-01 15:56:25
u00299,item04,100,2018-10-01 15:58:22
u00299,item05,100,2018-10-01 15:58:22
u01349,item02,100,2018-10-01 15:59:31
u01349,item05,100,2018-10-01 15:59:31
u01349,item09,200,2018-10-01 15:59:31
u01836,item01,100,2018-10-01 16:00:52
u01836,item03,100,2018-10-01 16:00:52
u01043,item03,100,2018-10-01 16:01:37
u00184,item03,100,2018-10-01 16:04:16
u00184,item04,100,2018-10-01 16:04:16
u00828,item04,100,2018-10-01 16:14:42
u00828,item05,100,2018-10-01 16:14:42
u00262,item03,100,2018-10-01 16:15:37
u00262,item04,100,2018-10-01 16:15:37
u00772,item05,100,2018-10-01 16:16:13
u01745,item03,100,2018-10-01 16:17:23
u01745,item05,100,2018-10-01 16:17:23
u01745,item06,200,2018-10-01 16:17:23
u01698,item01,100,2018-10-01 16:18:21
u01698,item03,100,2018-10-01 16:18:21
u01698,item04,100,2018-10-01 16:18:21
u00944,item01,100,2018-10-01 16:24:43
u00944,item03,100,2018-10-01 16:24:43
u00944,item05,100,2018-10-01 16:24:43
u01545,item02,100,2018-10-01 16:28:54
u00769,item03,100,2018-10-01 16:32:11
u00769,item05,100,2018-10-01 16:32:11
u01214,item04,100,2018-10-01 16:34:03
u01626,item01,100,2018-10-01 16:35:38
u01626,item03,100,2018-10-01 16:35:38
u01626,item10,200,2018-10-01 16:35:38
u01196,item03,100,2018-10-01 16:36:13
u01196,item04,100,2018-10-01 16:36:13
u01196,item09,200,2018-10-01 16:36:13
u00405,item04,100,2018-10-01 16:37:29
u00463,item01,100,2018-10-01 16:40:28
u00463,item03,100,2018-10-01 16:40:28
u00076,item01,100,2018-10-01 16:44:04
u00076,item03,100,2018-10-01 16:44:04
u00076,item04,100,2018-10-01 16:44:04
u01471,item03,100,2018-10-01 16:46:45
u00688,item01,100,2018-10-01 16:47:02
u00688,item03,100,2018-10-01 16:47:02
u00688,item05,100,2018-10-01 16:47:02
u01295,item03,100,2018-10-01 16:49:53
u01356,item01,100,2018-10-01 16:50:35
u01356,item04,100,2018-10-01 16:50:35
u00257,item01,100,2018-10-01 16:53:58
u00257,item04,100,2018-10-01 16:53:58
u00257,item05,100,2018-10-01 16:53:58
u00152,item02,100,2018-10-01 16:56:38
u00459,item05,100,2018-10-01 16:57:06
u01686,item05,100,2018-10-01 16:57:30
u00529,item04,100,2018-10-01 16:59:00
u00529,item05,100,2018-10-01 16:59:00
u00902,item04,100,2018-10-01 17:01:34
u00469,item01,100,2018-10-01 17:02:13
u00469,item03,100,2018-10-01 17:02:13
u00469,item04,100,2018-10-01 17:02:13
u00013,item02,100,2018-10-01 17:02:58
u00325,item05,100,2018-10-01 17:06:39
u01090,item01,100,2018-10-01 17:09:48
u01090,item02,100,2018-10-01 17:09:48
u01090,item03,100,2018-10-01 17:09:48
u01090,item04,100,2018-10-01 17:09:48
u00856,item01,100,2018-10-01 17:10:22
u00856,item02,100,2018-10-01 17:10:22
u00490,item02,100,2018-10-01 17:12:38
u00490,item04,100,2018-10-01 17:12:38
u00724,NA,NA,NA
u01130,item03,100,2018-10-01 17:23:39
u01386,item01,100,2018-10-01 17:26:36
u01386,item02,100,2018-10-01 17:26:36
u01386,item03,100,2018-10-01 17:26:36
u00351,item05,100,2018-10-01 17:29:51
u00682,item03,100,2018-10-01 17:35:17
u00682,item05,100,2018-10-01 17:35:17
u00569,item02,100,2018-10-01 17:38:05
u00291,item04,100,2018-10-01 17:42:09
u00579,item02,100,2018-10-01 17:49:13
u00579,item03,100,2018-10-01 17:49:13
u00579,item05,100,2018-10-01 17:49:13
u01942,item01,100,2018-10-01 17:56:19
u01942,item03,100,2018-10-01 17:56:19
u01942,item04,100,2018-10-01 17:56:19
u01472,item02,100,2018-10-01 18:06:17
u00785,item01,100,2018-10-01 18:08:49
u00785,item03,100,2018-10-01 18:08:49
u00785,item04,100,2018-10-01 18:08:49
u00785,item05,100,2018-10-01 18:08:49
u01521,item02,100,2018-10-01 18:09:23
u01521,item03,100,2018-10-01 18:09:23
u01289,item03,100,2018-10-01 18:09:55
u01488,item02,100,2018-10-01 18:13:21
u00409,item02,100,2018-10-01 18:13:36
u00778,item02,100,2018-10-01 18:14:09
u00778,item03,100,2018-10-01 18:14:09
u00778,item04,100,2018-10-01 18:14:09
u00271,item02,100,2018-10-01 18:16:10
u00271,item05,100,2018-10-01 18:16:10
u01115,item01,100,2018-10-01 18:21:06
u01022,item04,100,2018-10-01 18:28:19
u01025,item05,100,2018-10-01 18:34:55
u00674,item02,100,2018-10-01 18:35:52
u00674,item03,100,2018-10-01 18:35:52
u00674,item04,100,2018-10-01 18:35:52
u01362,NA,NA,NA
u01037,item02,100,2018-10-01 18:42:20
u01037,item03,100,2018-10-01 18:42:20
u01037,item04,100,2018-10-01 18:42:20
u00789,item02,100,2018-10-01 18:42:31
u00789,item04,100,2018-10-01 18:42:31
u01038,item02,100,2018-10-01 18:47:22
u01038,item03,100,2018-10-01 18:47:22
u01038,item08,200,2018-10-01 18:47:22
u01038,item09,200,2018-10-01 18:47:22
u00021,item02,100,2018-10-01 18:54:05
u00021,item05,100,2018-10-01 18:54:05
u00248,item03,100,2018-10-01 18:54:58
u00248,item04,100,2018-10-01 18:54:58
u00485,item02,100,2018-10-01 18:55:17
u00485,item03,100,2018-10-01 18:55:17
u00485,item04,100,2018-10-01 18:55:17
u01823,item01,100,2018-10-01 18:55:26
u01823,item04,100,2018-10-01 18:55:26
u01614,item01,100,2018-10-01 18:58:27
u01614,item04,100,2018-10-01 18:58:27
u01663,item02,100,2018-10-01 18:59:07
u01935,item03,100,2018-10-01 19:03:55
u01935,item04,100,2018-10-01 19:03:55
u01935,item05,100,2018-10-01 19:03:55
u00893,item02,100,2018-10-01 19:04:27
u00893,item05,100,2018-10-01 19:04:27
u01843,item01,100,2018-10-01 19:05:24
u01843,item02,100,2018-10-01 19:05:24
u01419,item01,100,2018-10-01 19:05:33
u01419,item02,100,2018-10-01 19:05:33
u00959,item03,100,2018-10-01 19:06:01
u00959,item04,100,2018-10-01 19:06:01
u00959,item05,100,2018-10-01 19:06:01
u01993,item01,100,2018-10-01 19:10:28
u01993,item05,100,2018-10-01 19:10:28
u00053,item01,100,2018-10-01 19:11:28
u00053,item05,100,2018-10-01 19:11:28
u01186,item03,100,2018-10-01 19:17:10
u01580,item05,100,2018-10-01 19:17:24
u00794,item03,100,2018-10-01 19:19:28
u00809,item02,100,2018-10-01 19:21:46
u00809,item04,100,2018-10-01 19:21:46
u00809,item05,100,2018-10-01 19:21:46
u01509,item04,100,2018-10-01 19:35:32
u00596,item03,100,2018-10-01 19:35:46
u00410,item01,100,2018-10-01 19:36:25
u00410,item03,100,2018-10-01 19:36:25
u00410,item04,100,2018-10-01 19:36:25
u00410,item05,100,2018-10-01 19:36:25
u00337,item05,100,2018-10-01 19:41:46
u01359,item02,100,2018-10-01 19:43:15
u01359,item04,100,2018-10-01 19:43:15
u01040,item03,100,2018-10-01 19:54:46
u01040,item04,100,2018-10-01 19:54:46
u01040,item10,200,2018-10-01 19:54:46
u01018,item03,100,2018-10-01 19:59:39
u00102,item04,100,2018-10-01 20:02:27
u00102,item05,100,2018-10-01 20:02:27
u01572,item01,100,2018-10-01 20:05:07
u01572,item03,100,2018-10-01 20:05:07
u01409,item03,100,2018-10-01 20:08:31
u01409,item08,200,2018-10-01 20:08:31
u01751,item02,100,2018-10-01 20:14:28
u01751,item04,100,2018-10-01 20:14:28
u01137,item02,100,2018-10-01 20:16:36
u01137,item05,100,2018-10-01 20:16:36
u01659,item02,100,2018-10-01 20:18:11
u00023,NA,NA,NA
u00228,item02,100,2018-10-01 20:22:29
u00228,item03,100,2018-10-01 20:22:29
u00228,item04,100,2018-10-01 20:22:29
u00091,item01,100,2018-10-01 20:22:39
u00091,item03,100,2018-10-01 20:22:39
u00091,item04,100,2018-10-01 20:22:39
u01026,item02,100,2018-10-01 20:24:57
u01026,item03,100,2018-10-01 20:24:57
u01026,item04,100,2018-10-01 20:24:57
u01026,item07,200,2018-10-01 20:24:57
u01291,item02,100,2018-10-01 20:43:37
u01291,item03,100,2018-10-01 20:43:37
u00604,item01,100,2018-10-01 20:48:58
u00604,item04,100,2018-10-01 20:48:58
u00604,item05,100,2018-10-01 20:48:58
u00280,item01,100,2018-10-01 20:58:20
u00280,item02,100,2018-10-01 20:58:20
u00280,item03,100,2018-10-01 20:58:20
u00280,item04,100,2018-10-01 20:58:20
u00775,item05,100,2018-10-01 20:59:59
u00066,item01,100,2018-10-01 21:02:40
u00066,item03,100,2018-10-01 21:02:40
u00066,item04,100,2018-10-01 21:02:40
u01495,item03,100,2018-10-01 21:04:59
u01001,item01,100,2018-10-01 21:05:50
u00298,item01,100,2018-10-01 21:08:12
u00311,item03,100,2018-10-01 21:10:44
u00311,item05,100,2018-10-01 21:10:44
u01652,item01,100,2018-10-01 21:10:58
u01652,item04,100,2018-10-01 21:10:58
u01652,item05,100,2018-10-01 21:10:58
u01729,item01,100,2018-10-01 21:20:02
u01729,item05,100,2018-10-01 21:20:02
u01298,item03,100,2018-10-01 21:22:39
u01298,item05,100,2018-10-01 21:22:39
u01699,item01,100,2018-10-01 21:23:02
u01699,item02,100,2018-10-01 21:23:02
u01699,item03,100,2018-10-01 21:23:02
u01699,item07,200,2018-10-01 21:23:02
u01699,item09,200,2018-10-01 21:23:02
u00958,item01,100,2018-10-01 21:23:35
u00782,item01,100,2018-10-01 21:36:07
u00782,item02,100,2018-10-01 21:36:07
u00782,item04,100,2018-10-01 21:36:07
u01764,item01,100,2018-10-01 21:36:13
u01764,item10,200,2018-10-01 21:36:13
u00044,item05,100,2018-10-01 21:53:15
u01591,item01,100,2018-10-01 21:56:47
u01591,item03,100,2018-10-01 21:56:47
u01591,item05,100,2018-10-01 21:56:47
u00930,item04,100,2018-10-01 22:24:54
u01499,item01,100,2018-10-01 22:40:58
u01499,item02,100,2018-10-01 22:40:58
u01644,item01,100,2018-10-01 22:41:21
u00646,item03,100,2018-10-01 23:19:27
u00646,item05,100,2018-10-01 23:19:27
u00646,item06,200,2018-10-01 23:19:27
u01254,item02,100,2018-10-01 23:24:10
u01254,item05,100,2018-10-01 23:24:10
